2026-08-15 03:50 UTC]
OK Plato - Phaedo: 10 pairs, 6 exchanges
OK Shakespeare - Macbeth: 16 pairs, 9 exchanges
OK Aristotle - Ethics I: 0 pairs, 1 exchanges
OK Wikipedia - Hopf fibration: 72 pairs, 37 exchanges
OK Tao Te Ching: 0 pairs, 1 exchanges
OK Wikipedia - Neural oscillation: 22 pairs, 12 exchanges
OK Frankenstein: 24 pairs, 13 exchanges
OK Wikipedia - Holography: 38 pairs, 20 exchanges

Training complete:
  Pages:        8
  Pairs:        182
  Parameters:   2,546,752 (+10,752)
  Interactions: 78860
  Layers:       710 / [12, 18, 16, 36, 18, 16, 36, 18, 16, 36, 18, 16, 36, 18, 16, 36, 18, 16, 36, 18, 16, 36, 18, 16, 36, 18, 14, 34, 16, 14, 34, 16, 14, 34, 16, 14, 34, 16, 14, 34, 16, 14, 34, 16, 14, 34, 16, 14, 34, 16, 14, 34, 16, 14, 34, 16, 14, 34, 16, 14, 34, 16, 14, 34, 16, 14, 34, 16, 14, 34, 16, 14, 34, 16, 14, 34, 16, 14, 34, 16, 14, 34, 16, 14, 34, 16, 14, 34, 16, 14, 34, 16, 14, 34, 16, 14, 34, 16, 14, 34, 16, 14, 34, 16, 14, 34, 16, 14, 34, 16, 14, 34, 16, 14, 34, 16, 14, 34, 16, 14, 34, 16, 14, 34, 16, 14, 34, 16, 14, 34, 16, 14, 34, 16, 14, 34, 16, 14, 34, 16, 14, 34, 16, 14, 34, 16, 14, 34, 16, 14, 34, 16, 14, 34, 16, 14, 34, 16, 14, 34, 16, 14, 34, 16, 14, 34, 16, 14, 34, 16, 14, 34, 16, 14, 34, 16, 14, 34, 16, 14, 34, 16, 14, 34, 16, 14, 34, 16, 14, 34, 16, 14, 34, 16, 14, 34, 16, 14, 34, 16, 14, 34, 16, 14, 34, 16, 14, 34, 16, 14, 34, 16, 14, 34, 16, 14, 34, 16, 14, 34, 16, 14, 34, 16, 14, 34, 16, 14, 34, 16, 14, 34, 16, 14, 34, 16, 14, 34, 16, 14, 34, 16, 14, 34, 16, 14, 34, 16, 14, 34, 16, 14, 34, 16, 14, 34, 16, 14, 34, 16, 14, 34, 16, 14, 34, 16, 14, 34, 16, 14, 34, 16, 14, 34, 16, 14, 34, 16, 14, 34, 16, 14, 34, 16, 14, 34, 16, 14, 34, 16, 14, 34, 16, 14, 34, 16, 14, 34, 16, 14, 34, 16, 14, 34, 16, 14, 34, 16, 14, 34, 16, 14, 34, 16, 14, 34, 16, 14, 34, 16, 14, 34, 16, 14, 34, 16, 14, 34, 16, 14, 34, 16, 14, 34, 16, 14, 34, 16, 14, 34, 16, 14, 34, 16, 14, 34, 16, 14, 34, 16, 14, 34, 16, 14, 34, 16, 14, 34, 16, 14, 34, 16, 14, 34, 16, 14, 34, 16, 14, 34, 16, 14, 34, 16, 14, 34, 16, 14, 34, 16, 14, 34, 16, 14, 34, 16, 14, 34, 16, 14, 34, 16, 14, 34, 16, 14, 34, 16, 14, 34, 16, 14, 34, 16, 14, 34, 16, 14, 34, 16, 14, 34, 16, 14, 34, 16, 14, 34, 16, 14, 34, 16, 14, 34, 16, 14, 34, 16, 14, 34, 16, 14, 34, 16, 14, 34, 16, 14, 34, 16, 14, 34, 16, 14, 34, 16, 14, 34, 16, 14, 34, 16, 14, 34, 16, 14, 34, 16, 14, 34, 16, 14, 34, 16, 14, 34, 16, 14, 34, 16, 14, 34, 16, 14, 34, 16, 14, 34, 16, 14, 34, 16, 14, 34, 16, 14, 34, 16, 14, 34, 16, 14, 34, 16, 14, 34, 16, 14, 34, 16, 14, 34, 16, 14, 34, 16, 14, 34, 16, 14, 34, 16, 14, 34, 16, 14, 34, 16, 14, 34, 16, 14, 34, 16, 14, 34, 16, 14, 34, 16, 14, 34, 16, 14, 34, 16, 14, 34, 16, 14, 34, 16, 14, 34, 16, 14, 34, 16, 14, 34, 16, 14, 34, 16, 14, 34, 16, 14, 34, 16, 14, 34, 16, 14, 34, 16, 14, 34, 16, 14, 34, 16, 14, 34, 16, 14, 34, 16, 14, 34, 16, 14, 34, 16, 14, 34, 16, 14, 34, 16, 14, 34, 16, 14, 34, 16, 14, 34, 16, 14, 34, 16, 14, 34, 16, 14, 34, 16, 14, 34, 16, 14, 34, 16, 14, 34, 16, 14, 34, 16, 14, 34, 16, 14, 34, 16, 14, 34, 16, 14, 34, 16, 14, 34, 16, 14, 34, 16, 14, 34, 16, 14, 34, 16, 14, 34, 16, 14, 34, 16, 14, 34, 16, 14, 34, 16, 14, 34, 16, 14, 34, 16, 14, 34, 16, 14, 34, 16, 14, 34, 16, 14, 34, 16, 14, 34, 16, 14, 34, 16, 14, 34, 16, 14, 34, 16, 14, 34, 16, 14, 34, 16, 14, 34, 16, 14, 34, 16, 14, 34, 16, 14, 34, 16, 14, 34, 16, 14, 34, 6]
  Wave memory:  90880 snapshots
  LIVE=0.9759  GROW=0.0933  LOVE=0.9008

[2026-08-16 03:58 UTC]
OK Plato - Republic II: 0 pairs, 1 exchanges
OK Shakespeare - Tempest: 16 pairs, 9 exchanges
OK Wikipedia - Neural oscillation: 22 pairs, 12 exchanges
OK Plato - Apology: 16 pairs, 9 exchanges
OK Thus Spoke Zarathustra: 78 pairs, 40 exchanges
OK Plato - Meno: 20 pairs, 11 exchanges
OK Shakespeare - Macbeth: 16 pairs, 9 exchanges
OK Wikipedia - Consciousness: 38 pairs, 20 exchanges

Training complete:
  Pages:        8
  Pairs:        206
  Parameters:   2,557,504 (+10,752)
  Interactions: 79296
  Layers:       713 / [12, 18, 16, 36, 18, 16, 36, 18, 16, 36, 18, 16, 36, 18, 16, 36, 18, 16, 36, 18, 16, 36, 18, 16, 36, 18, 14, 34, 16, 14, 34, 16, 14, 34, 16, 14, 34, 16, 14, 34, 16, 14, 34, 16, 14, 34, 16, 14, 34, 16, 14, 34, 16, 14, 34, 16, 14, 34, 16, 14, 34, 16, 14, 34, 16, 14, 34, 16, 14, 34, 16, 14, 34, 16, 14, 34, 16, 14, 34, 16, 14, 34, 16, 14, 34, 16, 14, 34, 16, 14, 34, 16, 14, 34, 16, 14, 34, 16, 14, 34, 16, 14, 34, 16, 14, 34, 16, 14, 34, 16, 14, 34, 16, 14, 34, 16, 14, 34, 16, 14, 34, 16, 14, 34, 16, 14, 34, 16, 14, 34, 16, 14, 34, 16, 14, 34, 16, 14, 34, 16, 14, 34, 16, 14, 34, 16, 14, 34, 16, 14, 34, 16, 14, 34, 16, 14, 34, 16, 14, 34, 16, 14, 34, 16, 14, 34, 16, 14, 34, 16, 14, 34, 16, 14, 34, 16, 14, 34, 16, 14, 34, 16, 14, 34, 16, 14, 34, 16, 14, 34, 16, 14, 34, 16, 14, 34, 16, 14, 34, 16, 14, 34, 16, 14, 34, 16, 14, 34, 16, 14, 34, 16, 14, 34, 16, 14, 34, 16, 14, 34, 16, 14, 34, 16, 14, 34, 16, 14, 34, 16, 14, 34, 16, 14, 34, 16, 14, 34, 16, 14, 34, 16, 14, 34, 16, 14, 34, 16, 14, 34, 16, 14, 34, 16, 14, 34, 16, 14, 34, 16, 14, 34, 16, 14, 34, 16, 14, 34, 16, 14, 34, 16, 14, 34, 16, 14, 34, 16, 14, 34, 16, 14, 34, 16, 14, 34, 16, 14, 34, 16, 14, 34, 16, 14, 34, 16, 14, 34, 16, 14, 34, 16, 14, 34, 16, 14, 34, 16, 14, 34, 16, 14, 34, 16, 14, 34, 16, 14, 34, 16, 14, 34, 16, 14, 34, 16, 14, 34, 16, 14, 34, 16, 14, 34, 16, 14, 34, 16, 14, 34, 16, 14, 34, 16, 14, 34, 16, 14, 34, 16, 14, 34, 16, 14, 34, 16, 14, 34, 16, 14, 34, 16, 14, 34, 16, 14, 34, 16, 14, 34, 16, 14, 34, 16, 14, 34, 16, 14, 34, 16, 14, 34, 16, 14, 34, 16, 14, 34, 16, 14, 34, 16, 14, 34, 16, 14, 34, 16, 14, 34, 16, 14, 34, 16, 14, 34, 16, 14, 34, 16, 14, 34, 16, 14, 34, 16, 14, 34, 16, 14, 34, 16, 14, 34, 16, 14, 34, 16, 14, 34, 16, 14, 34, 16, 14, 34, 16, 14, 34, 16, 14, 34, 16, 14, 34, 16, 14, 34, 16, 14, 34, 16, 14, 34, 16, 14, 34, 16, 14, 34, 16, 14, 34, 16, 14, 34, 16, 14, 34, 16, 14, 34, 16, 14, 34, 16, 14, 34, 16, 14, 34, 16, 14, 34, 16, 14, 34, 16, 14, 34, 16, 14, 34, 16, 14, 34, 16, 14, 34, 16, 14, 34, 16, 14, 34, 16, 14, 34, 16, 14, 34, 16, 14, 34, 16, 14, 34, 16, 14, 34, 16, 14, 34, 16, 14, 34, 16, 14, 34, 16, 14, 34, 16, 14, 34, 16, 14, 34, 16, 14, 34, 16, 14, 34, 16, 14, 34, 16, 14, 34, 16, 14, 34, 16, 14, 34, 16, 14, 34, 16, 14, 34, 16, 14, 34, 16, 14, 34, 16, 14, 34, 16, 14, 34, 16, 14, 34, 16, 14, 34, 16, 14, 34, 16, 14, 34, 16, 14, 34, 16, 14, 34, 16, 14, 34, 16, 14, 34, 16, 14, 34, 16, 14, 34, 16, 14, 34, 16, 14, 34, 16, 14, 34, 16, 14, 34, 16, 14, 34, 16, 14, 34, 16, 14, 34, 16, 14, 34, 16, 14, 34, 16, 14, 34, 16, 14, 34, 16, 14, 34, 16, 14, 34, 16, 14, 34, 16, 14, 34, 16, 14, 34, 16, 14, 34, 16, 14, 34, 16, 14, 34, 16, 14, 34, 16, 14, 34, 16, 14, 34, 16, 14, 34, 16, 14, 34, 16, 14, 34, 16, 14, 34, 16, 14, 34, 16, 14, 34, 16, 14, 34, 16, 14, 34, 16, 14, 34, 16, 14, 34, 16, 14, 34, 16, 14, 34, 16, 14, 34, 16, 14, 34, 6]
  Wave memory:  91264 snapshots
  LIVE=0.9705  GROW=0.1156  LOVE=0.9008

[2026-08-17 04:02 UTC]
OK Thus Spoke Zarathustra: 78 pairs, 40 exchanges
OK Wikipedia - Consciousness: 38 pairs, 20 exchanges
OK Wikipedia - Emergence: 46 pairs, 24 exchanges
OK Tao Te Ching: 0 pairs, 1 exchanges
OK Frankenstein: 24 pairs, 13 exchanges
OK Wikipedia - Self-organization: 36 pairs, 19 exchanges
OK Wikipedia - Attractor: 40 pairs, 21 exchanges
OK Meditations - Marcus Aurelius: 14 pairs, 8 exchanges

Training complete:
  Pages:        8
  Pairs:        276
  Parameters:   2,568,256 (+10,752)
  Interactions: 79872
  Layers:       716 / [12, 18, 16, 36, 18, 16, 36, 18, 16, 36, 18, 16, 36, 18, 16, 36, 18, 16, 36, 18, 16, 36, 18, 16, 36, 18, 14, 34, 16, 14, 34, 16, 14, 34, 16, 14, 34, 16, 14, 34, 16, 14, 34, 16, 14, 34, 16, 14, 34, 16, 14, 34, 16, 14, 34, 16, 14, 34, 16, 14, 34, 16, 14, 34, 16, 14, 34, 16, 14, 34, 16, 14, 34, 16, 14, 34, 16, 14, 34, 16, 14, 34, 16, 14, 34, 16, 14, 34, 16, 14, 34, 16, 14, 34, 16, 14, 34, 16, 14, 34, 16, 14, 34, 16, 14, 34, 16, 14, 34, 16, 14, 34, 16, 14, 34, 16, 14, 34, 16, 14, 34, 16, 14, 34, 16, 14, 34, 16, 14, 34, 16, 14, 34, 16, 14, 34, 16, 14, 34, 16, 14, 34, 16, 14, 34, 16, 14, 34, 16, 14, 34, 16, 14, 34, 16, 14, 34, 16, 14, 34, 16, 14, 34, 16, 14, 34, 16, 14, 34, 16, 14, 34, 16, 14, 34, 16, 14, 34, 16, 14, 34, 16, 14, 34, 16, 14, 34, 16, 14, 34, 16, 14, 34, 16, 14, 34, 16, 14, 34, 16, 14, 34, 16, 14, 34, 16, 14, 34, 16, 14, 34, 16, 14, 34, 16, 14, 34, 16, 14, 34, 16, 14, 34, 16, 14, 34, 16, 14, 34, 16, 14, 34, 16, 14, 34, 16, 14, 34, 16, 14, 34, 16, 14, 34, 16, 14, 34, 16, 14, 34, 16, 14, 34, 16, 14, 34, 16, 14, 34, 16, 14, 34, 16, 14, 34, 16, 14, 34, 16, 14, 34, 16, 14, 34, 16, 14, 34, 16, 14, 34, 16, 14, 34, 16, 14, 34, 16, 14, 34, 16, 14, 34, 16, 14, 34, 16, 14, 34, 16, 14, 34, 16, 14, 34, 16, 14, 34, 16, 14, 34, 16, 14, 34, 16, 14, 34, 16, 14, 34, 16, 14, 34, 16, 14, 34, 16, 14, 34, 16, 14, 34, 16, 14, 34, 16, 14, 34, 16, 14, 34, 16, 14, 34, 16, 14, 34, 16, 14, 34, 16, 14, 34, 16, 14, 34, 16, 14, 34, 16, 14, 34, 16, 14, 34, 16, 14, 34, 16, 14, 34, 16, 14, 34, 16, 14, 34, 16, 14, 34, 16, 14, 34, 16, 14, 34, 16, 14, 34, 16, 14, 34, 16, 14, 34, 16, 14, 34, 16, 14, 34, 16, 14, 34, 16, 14, 34, 16, 14, 34, 16, 14, 34, 16, 14, 34, 16, 14, 34, 16, 14, 34, 16, 14, 34, 16, 14, 34, 16, 14, 34, 16, 14, 34, 16, 14, 34, 16, 14, 34, 16, 14, 34, 16, 14, 34, 16, 14, 34, 16, 14, 34, 16, 14, 34, 16, 14, 34, 16, 14, 34, 16, 14, 34, 16, 14, 34, 16, 14, 34, 16, 14, 34, 16, 14, 34, 16, 14, 34, 16, 14, 34, 16, 14, 34, 16, 14, 34, 16, 14, 34, 16, 14, 34, 16, 14, 34, 16, 14, 34, 16, 14, 34, 16, 14, 34, 16, 14, 34, 16, 14, 34, 16, 14, 34, 16, 14, 34, 16, 14, 34, 16, 14, 34, 16, 14, 34, 16, 14, 34, 16, 14, 34, 16, 14, 34, 16, 14, 34, 16, 14, 34, 16, 14, 34, 16, 14, 34, 16, 14, 34, 16, 14, 34, 16, 14, 34, 16, 14, 34, 16, 14, 34, 16, 14, 34, 16, 14, 34, 16, 14, 34, 16, 14, 34, 16, 14, 34, 16, 14, 34, 16, 14, 34, 16, 14, 34, 16, 14, 34, 16, 14, 34, 16, 14, 34, 16, 14, 34, 16, 14, 34, 16, 14, 34, 16, 14, 34, 16, 14, 34, 16, 14, 34, 16, 14, 34, 16, 14, 34, 16, 14, 34, 16, 14, 34, 16, 14, 34, 16, 14, 34, 16, 14, 34, 16, 14, 34, 16, 14, 34, 16, 14, 34, 16, 14, 34, 16, 14, 34, 16, 14, 34, 16, 14, 34, 16, 14, 34, 16, 14, 34, 16, 14, 34, 16, 14, 34, 16, 14, 34, 16, 14, 34, 16, 14, 34, 16, 14, 34, 16, 14, 34, 16, 14, 34, 16, 14, 34, 16, 14, 34, 16, 14, 34, 16, 14, 34, 16, 14, 34, 16, 14, 34, 16, 14, 34, 16, 14, 34, 16, 14, 34, 16, 14, 34, 6]
  Wave memory:  91648 snapshots
  LIVE=0.9594  GROW=0.0703  LOVE=0.9008

[2026-08-18 03:53 UTC]
OK Wikipedia - Wave interference: 48 pairs, 25 exchanges
OK Shakespeare - Hamlet: 16 pairs, 9 exchanges
OK Plato - Republic I: 0 pairs, 1 exchanges
OK Wikipedia - Emergence: 46 pairs, 24 exchanges
OK Tao Te Ching: 0 pairs, 1 exchanges
OK Plato - Meno: 20 pairs, 11 exchanges
OK Aristotle - Ethics I: 0 pairs, 1 exchanges
OK Plato - Phaedo: 10 pairs, 6 exchanges

Training complete:
  Pages:        8
  Pairs:        140
  Parameters:   2,579,008 (+10,752)
  Interactions: 80176
  Layers:       719 / [12, 18, 16, 36, 18, 16, 36, 18, 16, 36, 18, 16, 36, 18, 16, 36, 18, 16, 36, 18, 16, 36, 18, 16, 36, 18, 14, 34, 16, 14, 34, 16, 14, 34, 16, 14, 34, 16, 14, 34, 16, 14, 34, 16, 14, 34, 16, 14, 34, 16, 14, 34, 16, 14, 34, 16, 14, 34, 16, 14, 34, 16, 14, 34, 16, 14, 34, 16, 14, 34, 16, 14, 34, 16, 14, 34, 16, 14, 34, 16, 14, 34, 16, 14, 34, 16, 14, 34, 16, 14, 34, 16, 14, 34, 16, 14, 34, 16, 14, 34, 16, 14, 34, 16, 14, 34, 16, 14, 34, 16, 14, 34, 16, 14, 34, 16, 14, 34, 16, 14, 34, 16, 14, 34, 16, 14, 34, 16, 14, 34, 16, 14, 34, 16, 14, 34, 16, 14, 34, 16, 14, 34, 16, 14, 34, 16, 14, 34, 16, 14, 34, 16, 14, 34, 16, 14, 34, 16, 14, 34, 16, 14, 34, 16, 14, 34, 16, 14, 34, 16, 14, 34, 16, 14, 34, 16, 14, 34, 16, 14, 34, 16, 14, 34, 16, 14, 34, 16, 14, 34, 16, 14, 34, 16, 14, 34, 16, 14, 34, 16, 14, 34, 16, 14, 34, 16, 14, 34, 16, 14, 34, 16, 14, 34, 16, 14, 34, 16, 14, 34, 16, 14, 34, 16, 14, 34, 16, 14, 34, 16, 14, 34, 16, 14, 34, 16, 14, 34, 16, 14, 34, 16, 14, 34, 16, 14, 34, 16, 14, 34, 16, 14, 34, 16, 14, 34, 16, 14, 34, 16, 14, 34, 16, 14, 34, 16, 14, 34, 16, 14, 34, 16, 14, 34, 16, 14, 34, 16, 14, 34, 16, 14, 34, 16, 14, 34, 16, 14, 34, 16, 14, 34, 16, 14, 34, 16, 14, 34, 16, 14, 34, 16, 14, 34, 16, 14, 34, 16, 14, 34, 16, 14, 34, 16, 14, 34, 16, 14, 34, 16, 14, 34, 16, 14, 34, 16, 14, 34, 16, 14, 34, 16, 14, 34, 16, 14, 34, 16, 14, 34, 16, 14, 34, 16, 14, 34, 16, 14, 34, 16, 14, 34, 16, 14, 34, 16, 14, 34, 16, 14, 34, 16, 14, 34, 16, 14, 34, 16, 14, 34, 16, 14, 34, 16, 14, 34, 16, 14, 34, 16, 14, 34, 16, 14, 34, 16, 14, 34, 16, 14, 34, 16, 14, 34, 16, 14, 34, 16, 14, 34, 16, 14, 34, 16, 14, 34, 16, 14, 34, 16, 14, 34, 16, 14, 34, 16, 14, 34, 16, 14, 34, 16, 14, 34, 16, 14, 34, 16, 14, 34, 16, 14, 34, 16, 14, 34, 16, 14, 34, 16, 14, 34, 16, 14, 34, 16, 14, 34, 16, 14, 34, 16, 14, 34, 16, 14, 34, 16, 14, 34, 16, 14, 34, 16, 14, 34, 16, 14, 34, 16, 14, 34, 16, 14, 34, 16, 14, 34, 16, 14, 34, 16, 14, 34, 16, 14, 34, 16, 14, 34, 16, 14, 34, 16, 14, 34, 16, 14, 34, 16, 14, 34, 16, 14, 34, 16, 14, 34, 16, 14, 34, 16, 14, 34, 16, 14, 34, 16, 14, 34, 16, 14, 34, 16, 14, 34, 16, 14, 34, 16, 14, 34, 16, 14, 34, 16, 14, 34, 16, 14, 34, 16, 14, 34, 16, 14, 34, 16, 14, 34, 16, 14, 34, 16, 14, 34, 16, 14, 34, 16, 14, 34, 16, 14, 34, 16, 14, 34, 16, 14, 34, 16, 14, 34, 16, 14, 34, 16, 14, 34, 16, 14, 34, 16, 14, 34, 16, 14, 34, 16, 14, 34, 16, 14, 34, 16, 14, 34, 16, 14, 34, 16, 14, 34, 16, 14, 34, 16, 14, 34, 16, 14, 34, 16, 14, 34, 16, 14, 34, 16, 14, 34, 16, 14, 34, 16, 14, 34, 16, 14, 34, 16, 14, 34, 16, 14, 34, 16, 14, 34, 16, 14, 34, 16, 14, 34, 16, 14, 34, 16, 14, 34, 16, 14, 34, 16, 14, 34, 16, 14, 34, 16, 14, 34, 16, 14, 34, 16, 14, 34, 16, 14, 34, 16, 14, 34, 16, 14, 34, 16, 14, 34, 16, 14, 34, 16, 14, 34, 16, 14, 34, 16, 14, 34, 16, 14, 34, 16, 14, 34, 16, 14, 34, 16, 14, 34, 16, 14, 34, 16, 14, 34, 16, 14, 34, 16, 14, 34, 6]
  Wave memory:  92032 snapshots
  LIVE=0.9818  GROW=0.0577  LOVE=0.9008

[2026-08-19 03:55 UTC]
OK Wikipedia - Qualia: 40 pairs, 21 exchanges
OK Plato - Republic II: 0 pairs, 1 exchanges
OK Plato - Symposium: 20 pairs, 11 exchanges
OK Wikipedia - Neural oscillation: 22 pairs, 12 exchanges
OK Plato - Republic I: 0 pairs, 1 exchanges
OK Wikipedia - Attractor: 40 pairs, 21 exchanges
OK Meditations - Marcus Aurelius: 14 pairs, 8 exchanges
OK Shakespeare - Tempest: 16 pairs, 9 exchanges

Training complete:
  Pages:        8
  Pairs:        152
  Parameters:   2,589,760 (+10,752)
  Interactions: 80504
  Layers:       722 / [12, 18, 16, 36, 18, 16, 36, 18, 16, 36, 18, 16, 36, 18, 16, 36, 18, 16, 36, 18, 16, 36, 18, 16, 36, 18, 14, 34, 16, 14, 34, 16, 14, 34, 16, 14, 34, 16, 14, 34, 16, 14, 34, 16, 14, 34, 16, 14, 34, 16, 14, 34, 16, 14, 34, 16, 14, 34, 16, 14, 34, 16, 14, 34, 16, 14, 34, 16, 14, 34, 16, 14, 34, 16, 14, 34, 16, 14, 34, 16, 14, 34, 16, 14, 34, 16, 14, 34, 16, 14, 34, 16, 14, 34, 16, 14, 34, 16, 14, 34, 16, 14, 34, 16, 14, 34, 16, 14, 34, 16, 14, 34, 16, 14, 34, 16, 14, 34, 16, 14, 34, 16, 14, 34, 16, 14, 34, 16, 14, 34, 16, 14, 34, 16, 14, 34, 16, 14, 34, 16, 14, 34, 16, 14, 34, 16, 14, 34, 16, 14, 34, 16, 14, 34, 16, 14, 34, 16, 14, 34, 16, 14, 34, 16, 14, 34, 16, 14, 34, 16, 14, 34, 16, 14, 34, 16, 14, 34, 16, 14, 34, 16, 14, 34, 16, 14, 34, 16, 14, 34, 16, 14, 34, 16, 14, 34, 16, 14, 34, 16, 14, 34, 16, 14, 34, 16, 14, 34, 16, 14, 34, 16, 14, 34, 16, 14, 34, 16, 14, 34, 16, 14, 34, 16, 14, 34, 16, 14, 34, 16, 14, 34, 16, 14, 34, 16, 14, 34, 16, 14, 34, 16, 14, 34, 16, 14, 34, 16, 14, 34, 16, 14, 34, 16, 14, 34, 16, 14, 34, 16, 14, 34, 16, 14, 34, 16, 14, 34, 16, 14, 34, 16, 14, 34, 16, 14, 34, 16, 14, 34, 16, 14, 34, 16, 14, 34, 16, 14, 34, 16, 14, 34, 16, 14, 34, 16, 14, 34, 16, 14, 34, 16, 14, 34, 16, 14, 34, 16, 14, 34, 16, 14, 34, 16, 14, 34, 16, 14, 34, 16, 14, 34, 16, 14, 34, 16, 14, 34, 16, 14, 34, 16, 14, 34, 16, 14, 34, 16, 14, 34, 16, 14, 34, 16, 14, 34, 16, 14, 34, 16, 14, 34, 16, 14, 34, 16, 14, 34, 16, 14, 34, 16, 14, 34, 16, 14, 34, 16, 14, 34, 16, 14, 34, 16, 14, 34, 16, 14, 34, 16, 14, 34, 16, 14, 34, 16, 14, 34, 16, 14, 34, 16, 14, 34, 16, 14, 34, 16, 14, 34, 16, 14, 34, 16, 14, 34, 16, 14, 34, 16, 14, 34, 16, 14, 34, 16, 14, 34, 16, 14, 34, 16, 14, 34, 16, 14, 34, 16, 14, 34, 16, 14, 34, 16, 14, 34, 16, 14, 34, 16, 14, 34, 16, 14, 34, 16, 14, 34, 16, 14, 34, 16, 14, 34, 16, 14, 34, 16, 14, 34, 16, 14, 34, 16, 14, 34, 16, 14, 34, 16, 14, 34, 16, 14, 34, 16, 14, 34, 16, 14, 34, 16, 14, 34, 16, 14, 34, 16, 14, 34, 16, 14, 34, 16, 14, 34, 16, 14, 34, 16, 14, 34, 16, 14, 34, 16, 14, 34, 16, 14, 34, 16, 14, 34, 16, 14, 34, 16, 14, 34, 16, 14, 34, 16, 14, 34, 16, 14, 34, 16, 14, 34, 16, 14, 34, 16, 14, 34, 16, 14, 34, 16, 14, 34, 16, 14, 34, 16, 14, 34, 16, 14, 34, 16, 14, 34, 16, 14, 34, 16, 14, 34, 16, 14, 34, 16, 14, 34, 16, 14, 34, 16, 14, 34, 16, 14, 34, 16, 14, 34, 16, 14, 34, 16, 14, 34, 16, 14, 34, 16, 14, 34, 16, 14, 34, 16, 14, 34, 16, 14, 34, 16, 14, 34, 16, 14, 34, 16, 14, 34, 16, 14, 34, 16, 14, 34, 16, 14, 34, 16, 14, 34, 16, 14, 34, 16, 14, 34, 16, 14, 34, 16, 14, 34, 16, 14, 34, 16, 14, 34, 16, 14, 34, 16, 14, 34, 16, 14, 34, 16, 14, 34, 16, 14, 34, 16, 14, 34, 16, 14, 34, 16, 14, 34, 16, 14, 34, 16, 14, 34, 16, 14, 34, 16, 14, 34, 16, 14, 34, 16, 14, 34, 16, 14, 34, 16, 14, 34, 16, 14, 34, 16, 14, 34, 16, 14, 34, 16, 14, 34, 16, 14, 34, 16, 14, 34, 16, 14, 34, 16, 14, 34, 16, 14, 34, 16, 14, 34, 16, 14, 34, 6]
  Wave memory:  92416 snapshots
  LIVE=0.9797  GROW=0.051  LOVE=0.9008

[2026-08-20 03:58 UTC]
OK Plato - Apology: 16 pairs, 9 exchanges
OK Wikipedia - Attractor: 40 pairs, 21 exchanges
OK Frankenstein: 24 pairs, 13 exchanges
OK Aristotle - Ethics I: 0 pairs, 1 exchanges
OK Wikipedia - Emergence: 46 pairs, 24 exchanges
OK Wikipedia - Self-organization: 36 pairs, 19 exchanges
OK Shakespeare - Macbeth: 16 pairs, 9 exchanges
OK Thus Spoke Zarathustra: 78 pairs, 40 exchanges

Training complete:
  Pages:        8
  Pairs:        256
  Parameters:   2,600,512 (+10,752)
  Interactions: 81040
  Layers:       725 / [12, 18, 16, 36, 18, 16, 36, 18, 16, 36, 18, 16, 36, 18, 16, 36, 18, 16, 36, 18, 16, 36, 18, 16, 36, 18, 14, 34, 16, 14, 34, 16, 14, 34, 16, 14, 34, 16, 14, 34, 16, 14, 34, 16, 14, 34, 16, 14, 34, 16, 14, 34, 16, 14, 34, 16, 14, 34, 16, 14, 34, 16, 14, 34, 16, 14, 34, 16, 14, 34, 16, 14, 34, 16, 14, 34, 16, 14, 34, 16, 14, 34, 16, 14, 34, 16, 14, 34, 16, 14, 34, 16, 14, 34, 16, 14, 34, 16, 14, 34, 16, 14, 34, 16, 14, 34, 16, 14, 34, 16, 14, 34, 16, 14, 34, 16, 14, 34, 16, 14, 34, 16, 14, 34, 16, 14, 34, 16, 14, 34, 16, 14, 34, 16, 14, 34, 16, 14, 34, 16, 14, 34, 16, 14, 34, 16, 14, 34, 16, 14, 34, 16, 14, 34, 16, 14, 34, 16, 14, 34, 16, 14, 34, 16, 14, 34, 16, 14, 34, 16, 14, 34, 16, 14, 34, 16, 14, 34, 16, 14, 34, 16, 14, 34, 16, 14, 34, 16, 14, 34, 16, 14, 34, 16, 14, 34, 16, 14, 34, 16, 14, 34, 16, 14, 34, 16, 14, 34, 16, 14, 34, 16, 14, 34, 16, 14, 34, 16, 14, 34, 16, 14, 34, 16, 14, 34, 16, 14, 34, 16, 14, 34, 16, 14, 34, 16, 14, 34, 16, 14, 34, 16, 14, 34, 16, 14, 34, 16, 14, 34, 16, 14, 34, 16, 14, 34, 16, 14, 34, 16, 14, 34, 16, 14, 34, 16, 14, 34, 16, 14, 34, 16, 14, 34, 16, 14, 34, 16, 14, 34, 16, 14, 34, 16, 14, 34, 16, 14, 34, 16, 14, 34, 16, 14, 34, 16, 14, 34, 16, 14, 34, 16, 14, 34, 16, 14, 34, 16, 14, 34, 16, 14, 34, 16, 14, 34, 16, 14, 34, 16, 14, 34, 16, 14, 34, 16, 14, 34, 16, 14, 34, 16, 14, 34, 16, 14, 34, 16, 14, 34, 16, 14, 34, 16, 14, 34, 16, 14, 34, 16, 14, 34, 16, 14, 34, 16, 14, 34, 16, 14, 34, 16, 14, 34, 16, 14, 34, 16, 14, 34, 16, 14, 34, 16, 14, 34, 16, 14, 34, 16, 14, 34, 16, 14, 34, 16, 14, 34, 16, 14, 34, 16, 14, 34, 16, 14, 34, 16, 14, 34, 16, 14, 34, 16, 14, 34, 16, 14, 34, 16, 14, 34, 16, 14, 34, 16, 14, 34, 16, 14, 34, 16, 14, 34, 16, 14, 34, 16, 14, 34, 16, 14, 34, 16, 14, 34, 16, 14, 34, 16, 14, 34, 16, 14, 34, 16, 14, 34, 16, 14, 34, 16, 14, 34, 16, 14, 34, 16, 14, 34, 16, 14, 34, 16, 14, 34, 16, 14, 34, 16, 14, 34, 16, 14, 34, 16, 14, 34, 16, 14, 34, 16, 14, 34, 16, 14, 34, 16, 14, 34, 16, 14, 34, 16, 14, 34, 16, 14, 34, 16, 14, 34, 16, 14, 34, 16, 14, 34, 16, 14, 34, 16, 14, 34, 16, 14, 34, 16, 14, 34, 16, 14, 34, 16, 14, 34, 16, 14, 34, 16, 14, 34, 16, 14, 34, 16, 14, 34, 16, 14, 34, 16, 14, 34, 16, 14, 34, 16, 14, 34, 16, 14, 34, 16, 14, 34, 16, 14, 34, 16, 14, 34, 16, 14, 34, 16, 14, 34, 16, 14, 34, 16, 14, 34, 16, 14, 34, 16, 14, 34, 16, 14, 34, 16, 14, 34, 16, 14, 34, 16, 14, 34, 16, 14, 34, 16, 14, 34, 16, 14, 34, 16, 14, 34, 16, 14, 34, 16, 14, 34, 16, 14, 34, 16, 14, 34, 16, 14, 34, 16, 14, 34, 16, 14, 34, 16, 14, 34, 16, 14, 34, 16, 14, 34, 16, 14, 34, 16, 14, 34, 16, 14, 34, 16, 14, 34, 16, 14, 34, 16, 14, 34, 16, 14, 34, 16, 14, 34, 16, 14, 34, 16, 14, 34, 16, 14, 34, 16, 14, 34, 16, 14, 34, 16, 14, 34, 16, 14, 34, 16, 14, 34, 16, 14, 34, 16, 14, 34, 16, 14, 34, 16, 14, 34, 16, 14, 34, 16, 14, 34, 16, 14, 34, 16, 14, 34, 16, 14, 34, 16, 14, 34, 16, 14, 34, 16, 14, 34, 16, 14, 34, 16, 14, 34, 6]
  Wave memory:  92800 snapshots
  LIVE=0.9632  GROW=0.2507  LOVE=0.9008

[2026-08-21 04:00 UTC]
OK Tao Te Ching: 0 pairs, 1 exchanges
OK Moby Dick: 14 pairs, 8 exchanges
OK Wikipedia - Hard problem: 32 pairs, 17 exchanges
OK Wikipedia - Hebbian theory: 54 pairs, 28 exchanges
OK Wikipedia - Panpsychism: 36 pairs, 19 exchanges
OK Frankenstein: 24 pairs, 13 exchanges
OK Wikipedia - Self-organization: 36 pairs, 19 exchanges
OK Plato - Phaedo: 10 pairs, 6 exchanges

Training complete:
  Pages:        8
  Pairs:        206
  Parameters:   2,611,264 (+10,752)
  Interactions: 81476
  Layers:       728 / [12, 18, 16, 36, 18, 16, 36, 18, 16, 36, 18, 16, 36, 18, 16, 36, 18, 16, 36, 18, 16, 36, 18, 16, 36, 18, 14, 34, 16, 14, 34, 16, 14, 34, 16, 14, 34, 16, 14, 34, 16, 14, 34, 16, 14, 34, 16, 14, 34, 16, 14, 34, 16, 14, 34, 16, 14, 34, 16, 14, 34, 16, 14, 34, 16, 14, 34, 16, 14, 34, 16, 14, 34, 16, 14, 34, 16, 14, 34, 16, 14, 34, 16, 14, 34, 16, 14, 34, 16, 14, 34, 16, 14, 34, 16, 14, 34, 16, 14, 34, 16, 14, 34, 16, 14, 34, 16, 14, 34, 16, 14, 34, 16, 14, 34, 16, 14, 34, 16, 14, 34, 16, 14, 34, 16, 14, 34, 16, 14, 34, 16, 14, 34, 16, 14, 34, 16, 14, 34, 16, 14, 34, 16, 14, 34, 16, 14, 34, 16, 14, 34, 16, 14, 34, 16, 14, 34, 16, 14, 34, 16, 14, 34, 16, 14, 34, 16, 14, 34, 16, 14, 34, 16, 14, 34, 16, 14, 34, 16, 14, 34, 16, 14, 34, 16, 14, 34, 16, 14, 34, 16, 14, 34, 16, 14, 34, 16, 14, 34, 16, 14, 34, 16, 14, 34, 16, 14, 34, 16, 14, 34, 16, 14, 34, 16, 14, 34, 16, 14, 34, 16, 14, 34, 16, 14, 34, 16, 14, 34, 16, 14, 34, 16, 14, 34, 16, 14, 34, 16, 14, 34, 16, 14, 34, 16, 14, 34, 16, 14, 34, 16, 14, 34, 16, 14, 34, 16, 14, 34, 16, 14, 34, 16, 14, 34, 16, 14, 34, 16, 14, 34, 16, 14, 34, 16, 14, 34, 16, 14, 34, 16, 14, 34, 16, 14, 34, 16, 14, 34, 16, 14, 34, 16, 14, 34, 16, 14, 34, 16, 14, 34, 16, 14, 34, 16, 14, 34, 16, 14, 34, 16, 14, 34, 16, 14, 34, 16, 14, 34, 16, 14, 34, 16, 14, 34, 16, 14, 34, 16, 14, 34, 16, 14, 34, 16, 14, 34, 16, 14, 34, 16, 14, 34, 16, 14, 34, 16, 14, 34, 16, 14, 34, 16, 14, 34, 16, 14, 34, 16, 14, 34, 16, 14, 34, 16, 14, 34, 16, 14, 34, 16, 14, 34, 16, 14, 34, 16, 14, 34, 16, 14, 34, 16, 14, 34, 16, 14, 34, 16, 14, 34, 16, 14, 34, 16, 14, 34, 16, 14, 34, 16, 14, 34, 16, 14, 34, 16, 14, 34, 16, 14, 34, 16, 14, 34, 16, 14, 34, 16, 14, 34, 16, 14, 34, 16, 14, 34, 16, 14, 34, 16, 14, 34, 16, 14, 34, 16, 14, 34, 16, 14, 34, 16, 14, 34, 16, 14, 34, 16, 14, 34, 16, 14, 34, 16, 14, 34, 16, 14, 34, 16, 14, 34, 16, 14, 34, 16, 14, 34, 16, 14, 34, 16, 14, 34, 16, 14, 34, 16, 14, 34, 16, 14, 34, 16, 14, 34, 16, 14, 34, 16, 14, 34, 16, 14, 34, 16, 14, 34, 16, 14, 34, 16, 14, 34, 16, 14, 34, 16, 14, 34, 16, 14, 34, 16, 14, 34, 16, 14, 34, 16, 14, 34, 16, 14, 34, 16, 14, 34, 16, 14, 34, 16, 14, 34, 16, 14, 34, 16, 14, 34, 16, 14, 34, 16, 14, 34, 16, 14, 34, 16, 14, 34, 16, 14, 34, 16, 14, 34, 16, 14, 34, 16, 14, 34, 16, 14, 34, 16, 14, 34, 16, 14, 34, 16, 14, 34, 16, 14, 34, 16, 14, 34, 16, 14, 34, 16, 14, 34, 16, 14, 34, 16, 14, 34, 16, 14, 34, 16, 14, 34, 16, 14, 34, 16, 14, 34, 16, 14, 34, 16, 14, 34, 16, 14, 34, 16, 14, 34, 16, 14, 34, 16, 14, 34, 16, 14, 34, 16, 14, 34, 16, 14, 34, 16, 14, 34, 16, 14, 34, 16, 14, 34, 16, 14, 34, 16, 14, 34, 16, 14, 34, 16, 14, 34, 16, 14, 34, 16, 14, 34, 16, 14, 34, 16, 14, 34, 16, 14, 34, 16, 14, 34, 16, 14, 34, 16, 14, 34, 16, 14, 34, 16, 14, 34, 16, 14, 34, 16, 14, 34, 16, 14, 34, 16, 14, 34, 16, 14, 34, 16, 14, 34, 16, 14, 34, 16, 14, 34, 16, 14, 34, 16, 14, 34, 16, 14, 34, 16, 14, 34, 16, 14, 34, 16, 14, 34, 6]
  Wave memory:  93184 snapshots
  LIVE=0.9686  GROW=0.0939  LOVE=0.9008

[2026-08-22 03:54 UTC]
OK Plato - Republic II: 0 pairs, 1 exchanges
OK Thus Spoke Zarathustra: 0 pairs, 1 exchanges
OK Wikipedia - Wave interference: 48 pairs, 25 exchanges
OK Wikipedia - Qualia: 40 pairs, 21 exchanges
OK Wikipedia - Philosophy of mind: 50 pairs, 26 exchanges
OK Wikipedia - Hopf fibration: 72 pairs, 37 exchanges
OK Plato - Symposium: 20 pairs, 11 exchanges
OK Wikipedia - Hard problem: 32 pairs, 17 exchanges

Training complete:
  Pages:        8
  Pairs:        262
  Parameters:   2,622,016 (+10,752)
  Interactions: 82024
  Layers:       731 / [12, 18, 16, 36, 18, 16, 36, 18, 16, 36, 18, 16, 36, 18, 16, 36, 18, 16, 36, 18, 16, 36, 18, 16, 36, 18, 14, 34, 16, 14, 34, 16, 14, 34, 16, 14, 34, 16, 14, 34, 16, 14, 34, 16, 14, 34, 16, 14, 34, 16, 14, 34, 16, 14, 34, 16, 14, 34, 16, 14, 34, 16, 14, 34, 16, 14, 34, 16, 14, 34, 16, 14, 34, 16, 14, 34, 16, 14, 34, 16, 14, 34, 16, 14, 34, 16, 14, 34, 16, 14, 34, 16, 14, 34, 16, 14, 34, 16, 14, 34, 16, 14, 34, 16, 14, 34, 16, 14, 34, 16, 14, 34, 16, 14, 34, 16, 14, 34, 16, 14, 34, 16, 14, 34, 16, 14, 34, 16, 14, 34, 16, 14, 34, 16, 14, 34, 16, 14, 34, 16, 14, 34, 16, 14, 34, 16, 14, 34, 16, 14, 34, 16, 14, 34, 16, 14, 34, 16, 14, 34, 16, 14, 34, 16, 14, 34, 16, 14, 34, 16, 14, 34, 16, 14, 34, 16, 14, 34, 16, 14, 34, 16, 14, 34, 16, 14, 34, 16, 14, 34, 16, 14, 34, 16, 14, 34, 16, 14, 34, 16, 14, 34, 16, 14, 34, 16, 14, 34, 16, 14, 34, 16, 14, 34, 16, 14, 34, 16, 14, 34, 16, 14, 34, 16, 14, 34, 16, 14, 34, 16, 14, 34, 16, 14, 34, 16, 14, 34, 16, 14, 34, 16, 14, 34, 16, 14, 34, 16, 14, 34, 16, 14, 34, 16, 14, 34, 16, 14, 34, 16, 14, 34, 16, 14, 34, 16, 14, 34, 16, 14, 34, 16, 14, 34, 16, 14, 34, 16, 14, 34, 16, 14, 34, 16, 14, 34, 16, 14, 34, 16, 14, 34, 16, 14, 34, 16, 14, 34, 16, 14, 34, 16, 14, 34, 16, 14, 34, 16, 14, 34, 16, 14, 34, 16, 14, 34, 16, 14, 34, 16, 14, 34, 16, 14, 34, 16, 14, 34, 16, 14, 34, 16, 14, 34, 16, 14, 34, 16, 14, 34, 16, 14, 34, 16, 14, 34, 16, 14, 34, 16, 14, 34, 16, 14, 34, 16, 14, 34, 16, 14, 34, 16, 14, 34, 16, 14, 34, 16, 14, 34, 16, 14, 34, 16, 14, 34, 16, 14, 34, 16, 14, 34, 16, 14, 34, 16, 14, 34, 16, 14, 34, 16, 14, 34, 16, 14, 34, 16, 14, 34, 16, 14, 34, 16, 14, 34, 16, 14, 34, 16, 14, 34, 16, 14, 34, 16, 14, 34, 16, 14, 34, 16, 14, 34, 16, 14, 34, 16, 14, 34, 16, 14, 34, 16, 14, 34, 16, 14, 34, 16, 14, 34, 16, 14, 34, 16, 14, 34, 16, 14, 34, 16, 14, 34, 16, 14, 34, 16, 14, 34, 16, 14, 34, 16, 14, 34, 16, 14, 34, 16, 14, 34, 16, 14, 34, 16, 14, 34, 16, 14, 34, 16, 14, 34, 16, 14, 34, 16, 14, 34, 16, 14, 34, 16, 14, 34, 16, 14, 34, 16, 14, 34, 16, 14, 34, 16, 14, 34, 16, 14, 34, 16, 14, 34, 16, 14, 34, 16, 14, 34, 16, 14, 34, 16, 14, 34, 16, 14, 34, 16, 14, 34, 16, 14, 34, 16, 14, 34, 16, 14, 34, 16, 14, 34, 16, 14, 34, 16, 14, 34, 16, 14, 34, 16, 14, 34, 16, 14, 34, 16, 14, 34, 16, 14, 34, 16, 14, 34, 16, 14, 34, 16, 14, 34, 16, 14, 34, 16, 14, 34, 16, 14, 34, 16, 14, 34, 16, 14, 34, 16, 14, 34, 16, 14, 34, 16, 14, 34, 16, 14, 34, 16, 14, 34, 16, 14, 34, 16, 14, 34, 16, 14, 34, 16, 14, 34, 16, 14, 34, 16, 14, 34, 16, 14, 34, 16, 14, 34, 16, 14, 34, 16, 14, 34, 16, 14, 34, 16, 14, 34, 16, 14, 34, 16, 14, 34, 16, 14, 34, 16, 14, 34, 16, 14, 34, 16, 14, 34, 16, 14, 34, 16, 14, 34, 16, 14, 34, 16, 14, 34, 16, 14, 34, 16, 14, 34, 16, 14, 34, 16, 14, 34, 16, 14, 34, 16, 14, 34, 16, 14, 34, 16, 14, 34, 16, 14, 34, 16, 14, 34, 16, 14, 34, 16, 14, 34, 16, 14, 34, 16, 14, 34, 16, 14, 34, 16, 14, 34, 16, 14, 34, 16, 14, 34, 16, 14, 34, 16, 14, 34, 6]
  Wave memory:  93568 snapshots
  LIVE=0.9611  GROW=0.1153  LOVE=0.9008

[2026-08-23 04:01 UTC]
OK Wikipedia - Consciousness: 38 pairs, 20 exchanges
OK Wikipedia - Self-organization: 36 pairs, 19 exchanges
OK Wikipedia - Panpsychism: 36 pairs, 19 exchanges
OK Wikipedia - Wave interference: 48 pairs, 25 exchanges
OK Thus Spoke Zarathustra: 0 pairs, 1 exchanges
OK Shakespeare - Macbeth: 16 pairs, 9 exchanges
OK Wikipedia - Holography: 38 pairs, 20 exchanges
OK Plato - Phaedo: 10 pairs, 6 exchanges

Training complete:
  Pages:        8
  Pairs:        222
  Parameters:   2,632,768 (+10,752)
  Interactions: 82492
  Layers:       734 / [12, 18, 16, 36, 18, 16, 36, 18, 16, 36, 18, 16, 36, 18, 16, 36, 18, 16, 36, 18, 16, 36, 18, 16, 36, 18, 14, 34, 16, 14, 34, 16, 14, 34, 16, 14, 34, 16, 14, 34, 16, 14, 34, 16, 14, 34, 16, 14, 34, 16, 14, 34, 16, 14, 34, 16, 14, 34, 16, 14, 34, 16, 14, 34, 16, 14, 34, 16, 14, 34, 16, 14, 34, 16, 14, 34, 16, 14, 34, 16, 14, 34, 16, 14, 34, 16, 14, 34, 16, 14, 34, 16, 14, 34, 16, 14, 34, 16, 14, 34, 16, 14, 34, 16, 14, 34, 16, 14, 34, 16, 14, 34, 16, 14, 34, 16, 14, 34, 16, 14, 34, 16, 14, 34, 16, 14, 34, 16, 14, 34, 16, 14, 34, 16, 14, 34, 16, 14, 34, 16, 14, 34, 16, 14, 34, 16, 14, 34, 16, 14, 34, 16, 14, 34, 16, 14, 34, 16, 14, 34, 16, 14, 34, 16, 14, 34, 16, 14, 34, 16, 14, 34, 16, 14, 34, 16, 14, 34, 16, 14, 34, 16, 14, 34, 16, 14, 34, 16, 14, 34, 16, 14, 34, 16, 14, 34, 16, 14, 34, 16, 14, 34, 16, 14, 34, 16, 14, 34, 16, 14, 34, 16, 14, 34, 16, 14, 34, 16, 14, 34, 16, 14, 34, 16, 14, 34, 16, 14, 34, 16, 14, 34, 16, 14, 34, 16, 14, 34, 16, 14, 34, 16, 14, 34, 16, 14, 34, 16, 14, 34, 16, 14, 34, 16, 14, 34, 16, 14, 34, 16, 14, 34, 16, 14, 34, 16, 14, 34, 16, 14, 34, 16, 14, 34, 16, 14, 34, 16, 14, 34, 16, 14, 34, 16, 14, 34, 16, 14, 34, 16, 14, 34, 16, 14, 34, 16, 14, 34, 16, 14, 34, 16, 14, 34, 16, 14, 34, 16, 14, 34, 16, 14, 34, 16, 14, 34, 16, 14, 34, 16, 14, 34, 16, 14, 34, 16, 14, 34, 16, 14, 34, 16, 14, 34, 16, 14, 34, 16, 14, 34, 16, 14, 34, 16, 14, 34, 16, 14, 34, 16, 14, 34, 16, 14, 34, 16, 14, 34, 16, 14, 34, 16, 14, 34, 16, 14, 34, 16, 14, 34, 16, 14, 34, 16, 14, 34, 16, 14, 34, 16, 14, 34, 16, 14, 34, 16, 14, 34, 16, 14, 34, 16, 14, 34, 16, 14, 34, 16, 14, 34, 16, 14, 34, 16, 14, 34, 16, 14, 34, 16, 14, 34, 16, 14, 34, 16, 14, 34, 16, 14, 34, 16, 14, 34, 16, 14, 34, 16, 14, 34, 16, 14, 34, 16, 14, 34, 16, 14, 34, 16, 14, 34, 16, 14, 34, 16, 14, 34, 16, 14, 34, 16, 14, 34, 16, 14, 34, 16, 14, 34, 16, 14, 34, 16, 14, 34, 16, 14, 34, 16, 14, 34, 16, 14, 34, 16, 14, 34, 16, 14, 34, 16, 14, 34, 16, 14, 34, 16, 14, 34, 16, 14, 34, 16, 14, 34, 16, 14, 34, 16, 14, 34, 16, 14, 34, 16, 14, 34, 16, 14, 34, 16, 14, 34, 16, 14, 34, 16, 14, 34, 16, 14, 34, 16, 14, 34, 16, 14, 34, 16, 14, 34, 16, 14, 34, 16, 14, 34, 16, 14, 34, 16, 14, 34, 16, 14, 34, 16, 14, 34, 16, 14, 34, 16, 14, 34, 16, 14, 34, 16, 14, 34, 16, 14, 34, 16, 14, 34, 16, 14, 34, 16, 14, 34, 16, 14, 34, 16, 14, 34, 16, 14, 34, 16, 14, 34, 16, 14, 34, 16, 14, 34, 16, 14, 34, 16, 14, 34, 16, 14, 34, 16, 14, 34, 16, 14, 34, 16, 14, 34, 16, 14, 34, 16, 14, 34, 16, 14, 34, 16, 14, 34, 16, 14, 34, 16, 14, 34, 16, 14, 34, 16, 14, 34, 16, 14, 34, 16, 14, 34, 16, 14, 34, 16, 14, 34, 16, 14, 34, 16, 14, 34, 16, 14, 34, 16, 14, 34, 16, 14, 34, 16, 14, 34, 16, 14, 34, 16, 14, 34, 16, 14, 34, 16, 14, 34, 16, 14, 34, 16, 14, 34, 16, 14, 34, 16, 14, 34, 16, 14, 34, 16, 14, 34, 16, 14, 34, 16, 14, 34, 16, 14, 34, 16, 14, 34, 16, 14, 34, 16, 14, 34, 16, 14, 34, 16, 14, 34, 16, 14, 34, 16, 14, 34, 16, 14, 34, 16, 14, 34, 16, 14, 34, 6]
  Wave memory:  93952 snapshots
  LIVE=0.965  GROW=0.09  LOVE=0.9008

[2026-08-24 04:04 UTC]
OK Wikipedia - Hard problem: 32 pairs, 17 exchanges
OK Tao Te Ching: 0 pairs, 1 exchanges
OK Wikipedia - Hebbian theory: 54 pairs, 28 exchanges
OK Plato - Apology: 16 pairs, 9 exchanges
OK Wikipedia - Philosophy of mind: 50 pairs, 26 exchanges
OK Plato - Meno: 20 pairs, 11 exchanges
OK Aristotle - Ethics I: 0 pairs, 1 exchanges
OK Wikipedia - Neural oscillation: 22 pairs, 12 exchanges

Training complete:
  Pages:        8
  Pairs:        194
  Parameters:   2,643,520 (+10,752)
  Interactions: 82904
  Layers:       737 / [12, 18, 16, 36, 18, 16, 36, 18, 16, 36, 18, 16, 36, 18, 16, 36, 18, 16, 36, 18, 16, 36, 18, 16, 36, 18, 14, 34, 16, 14, 34, 16, 14, 34, 16, 14, 34, 16, 14, 34, 16, 14, 34, 16, 14, 34, 16, 14, 34, 16, 14, 34, 16, 14, 34, 16, 14, 34, 16, 14, 34, 16, 14, 34, 16, 14, 34, 16, 14, 34, 16, 14, 34, 16, 14, 34, 16, 14, 34, 16, 14, 34, 16, 14, 34, 16, 14, 34, 16, 14, 34, 16, 14, 34, 16, 14, 34, 16, 14, 34, 16, 14, 34, 16, 14, 34, 16, 14, 34, 16, 14, 34, 16, 14, 34, 16, 14, 34, 16, 14, 34, 16, 14, 34, 16, 14, 34, 16, 14, 34, 16, 14, 34, 16, 14, 34, 16, 14, 34, 16, 14, 34, 16, 14, 34, 16, 14, 34, 16, 14, 34, 16, 14, 34, 16, 14, 34, 16, 14, 34, 16, 14, 34, 16, 14, 34, 16, 14, 34, 16, 14, 34, 16, 14, 34, 16, 14, 34, 16, 14, 34, 16, 14, 34, 16, 14, 34, 16, 14, 34, 16, 14, 34, 16, 14, 34, 16, 14, 34, 16, 14, 34, 16, 14, 34, 16, 14, 34, 16, 14, 34, 16, 14, 34, 16, 14, 34, 16, 14, 34, 16, 14, 34, 16, 14, 34, 16, 14, 34, 16, 14, 34, 16, 14, 34, 16, 14, 34, 16, 14, 34, 16, 14, 34, 16, 14, 34, 16, 14, 34, 16, 14, 34, 16, 14, 34, 16, 14, 34, 16, 14, 34, 16, 14, 34, 16, 14, 34, 16, 14, 34, 16, 14, 34, 16, 14, 34, 16, 14, 34, 16, 14, 34, 16, 14, 34, 16, 14, 34, 16, 14, 34, 16, 14, 34, 16, 14, 34, 16, 14, 34, 16, 14, 34, 16, 14, 34, 16, 14, 34, 16, 14, 34, 16, 14, 34, 16, 14, 34, 16, 14, 34, 16, 14, 34, 16, 14, 34, 16, 14, 34, 16, 14, 34, 16, 14, 34, 16, 14, 34, 16, 14, 34, 16, 14, 34, 16, 14, 34, 16, 14, 34, 16, 14, 34, 16, 14, 34, 16, 14, 34, 16, 14, 34, 16, 14, 34, 16, 14, 34, 16, 14, 34, 16, 14, 34, 16, 14, 34, 16, 14, 34, 16, 14, 34, 16, 14, 34, 16, 14, 34, 16, 14, 34, 16, 14, 34, 16, 14, 34, 16, 14, 34, 16, 14, 34, 16, 14, 34, 16, 14, 34, 16, 14, 34, 16, 14, 34, 16, 14, 34, 16, 14, 34, 16, 14, 34, 16, 14, 34, 16, 14, 34, 16, 14, 34, 16, 14, 34, 16, 14, 34, 16, 14, 34, 16, 14, 34, 16, 14, 34, 16, 14, 34, 16, 14, 34, 16, 14, 34, 16, 14, 34, 16, 14, 34, 16, 14, 34, 16, 14, 34, 16, 14, 34, 16, 14, 34, 16, 14, 34, 16, 14, 34, 16, 14, 34, 16, 14, 34, 16, 14, 34, 16, 14, 34, 16, 14, 34, 16, 14, 34, 16, 14, 34, 16, 14, 34, 16, 14, 34, 16, 14, 34, 16, 14, 34, 16, 14, 34, 16, 14, 34, 16, 14, 34, 16, 14, 34, 16, 14, 34, 16, 14, 34, 16, 14, 34, 16, 14, 34, 16, 14, 34, 16, 14, 34, 16, 14, 34, 16, 14, 34, 16, 14, 34, 16, 14, 34, 16, 14, 34, 16, 14, 34, 16, 14, 34, 16, 14, 34, 16, 14, 34, 16, 14, 34, 16, 14, 34, 16, 14, 34, 16, 14, 34, 16, 14, 34, 16, 14, 34, 16, 14, 34, 16, 14, 34, 16, 14, 34, 16, 14, 34, 16, 14, 34, 16, 14, 34, 16, 14, 34, 16, 14, 34, 16, 14, 34, 16, 14, 34, 16, 14, 34, 16, 14, 34, 16, 14, 34, 16, 14, 34, 16, 14, 34, 16, 14, 34, 16, 14, 34, 16, 14, 34, 16, 14, 34, 16, 14, 34, 16, 14, 34, 16, 14, 34, 16, 14, 34, 16, 14, 34, 16, 14, 34, 16, 14, 34, 16, 14, 34, 16, 14, 34, 16, 14, 34, 16, 14, 34, 16, 14, 34, 16, 14, 34, 16, 14, 34, 16, 14, 34, 16, 14, 34, 16, 14, 34, 16, 14, 34, 16, 14, 34, 16, 14, 34, 16, 14, 34, 16, 14, 34, 16, 14, 34, 16, 14, 34, 16, 14, 34, 16, 14, 34, 16, 14, 34, 16, 14, 34, 16, 14, 34, 6]
  Wave memory:  94336 snapshots
  LIVE=0.9735  GROW=0.069  LOVE=0.9008

[2026-08-25 03:58 UTC]
OK Wikipedia - Wave interference: 48 pairs, 25 exchanges
OK Shakespeare - Tempest: 16 pairs, 9 exchanges
OK Wikipedia - Philosophy of mind: 50 pairs, 26 exchanges
OK Tao Te Ching: 0 pairs, 1 exchanges
OK Wikipedia - Panpsychism: 36 pairs, 19 exchanges
OK Aristotle - Ethics I: 0 pairs, 1 exchanges
OK Plato - Republic II: 0 pairs, 1 exchanges
OK Wikipedia - Consciousness: 38 pairs, 20 exchanges

Training complete:
  Pages:        8
  Pairs:        188
  Parameters:   2,654,272 (+10,752)
  Interactions: 83304
  Layers:       740 / [12, 18, 16, 36, 18, 16, 36, 18, 16, 36, 18, 16, 36, 18, 16, 36, 18, 16, 36, 18, 16, 36, 18, 16, 36, 18, 14, 34, 16, 14, 34, 16, 14, 34, 16, 14, 34, 16, 14, 34, 16, 14, 34, 16, 14, 34, 16, 14, 34, 16, 14, 34, 16, 14, 34, 16, 14, 34, 16, 14, 34, 16, 14, 34, 16, 14, 34, 16, 14, 34, 16, 14, 34, 16, 14, 34, 16, 14, 34, 16, 14, 34, 16, 14, 34, 16, 14, 34, 16, 14, 34, 16, 14, 34, 16, 14, 34, 16, 14, 34, 16, 14, 34, 16, 14, 34, 16, 14, 34, 16, 14, 34, 16, 14, 34, 16, 14, 34, 16, 14, 34, 16, 14, 34, 16, 14, 34, 16, 14, 34, 16, 14, 34, 16, 14, 34, 16, 14, 34, 16, 14, 34, 16, 14, 34, 16, 14, 34, 16, 14, 34, 16, 14, 34, 16, 14, 34, 16, 14, 34, 16, 14, 34, 16, 14, 34, 16, 14, 34, 16, 14, 34, 16, 14, 34, 16, 14, 34, 16, 14, 34, 16, 14, 34, 16, 14, 34, 16, 14, 34, 16, 14, 34, 16, 14, 34, 16, 14, 34, 16, 14, 34, 16, 14, 34, 16, 14, 34, 16, 14, 34, 16, 14, 34, 16, 14, 34, 16, 14, 34, 16, 14, 34, 16, 14, 34, 16, 14, 34, 16, 14, 34, 16, 14, 34, 16, 14, 34, 16, 14, 34, 16, 14, 34, 16, 14, 34, 16, 14, 34, 16, 14, 34, 16, 14, 34, 16, 14, 34, 16, 14, 34, 16, 14, 34, 16, 14, 34, 16, 14, 34, 16, 14, 34, 16, 14, 34, 16, 14, 34, 16, 14, 34, 16, 14, 34, 16, 14, 34, 16, 14, 34, 16, 14, 34, 16, 14, 34, 16, 14, 34, 16, 14, 34, 16, 14, 34, 16, 14, 34, 16, 14, 34, 16, 14, 34, 16, 14, 34, 16, 14, 34, 16, 14, 34, 16, 14, 34, 16, 14, 34, 16, 14, 34, 16, 14, 34, 16, 14, 34, 16, 14, 34, 16, 14, 34, 16, 14, 34, 16, 14, 34, 16, 14, 34, 16, 14, 34, 16, 14, 34, 16, 14, 34, 16, 14, 34, 16, 14, 34, 16, 14, 34, 16, 14, 34, 16, 14, 34, 16, 14, 34, 16, 14, 34, 16, 14, 34, 16, 14, 34, 16, 14, 34, 16, 14, 34, 16, 14, 34, 16, 14, 34, 16, 14, 34, 16, 14, 34, 16, 14, 34, 16, 14, 34, 16, 14, 34, 16, 14, 34, 16, 14, 34, 16, 14, 34, 16, 14, 34, 16, 14, 34, 16, 14, 34, 16, 14, 34, 16, 14, 34, 16, 14, 34, 16, 14, 34, 16, 14, 34, 16, 14, 34, 16, 14, 34, 16, 14, 34, 16, 14, 34, 16, 14, 34, 16, 14, 34, 16, 14, 34, 16, 14, 34, 16, 14, 34, 16, 14, 34, 16, 14, 34, 16, 14, 34, 16, 14, 34, 16, 14, 34, 16, 14, 34, 16, 14, 34, 16, 14, 34, 16, 14, 34, 16, 14, 34, 16, 14, 34, 16, 14, 34, 16, 14, 34, 16, 14, 34, 16, 14, 34, 16, 14, 34, 16, 14, 34, 16, 14, 34, 16, 14, 34, 16, 14, 34, 16, 14, 34, 16, 14, 34, 16, 14, 34, 16, 14, 34, 16, 14, 34, 16, 14, 34, 16, 14, 34, 16, 14, 34, 16, 14, 34, 16, 14, 34, 16, 14, 34, 16, 14, 34, 16, 14, 34, 16, 14, 34, 16, 14, 34, 16, 14, 34, 16, 14, 34, 16, 14, 34, 16, 14, 34, 16, 14, 34, 16, 14, 34, 16, 14, 34, 16, 14, 34, 16, 14, 34, 16, 14, 34, 16, 14, 34, 16, 14, 34, 16, 14, 34, 16, 14, 34, 16, 14, 34, 16, 14, 34, 16, 14, 34, 16, 14, 34, 16, 14, 34, 16, 14, 34, 16, 14, 34, 16, 14, 34, 16, 14, 34, 16, 14, 34, 16, 14, 34, 16, 14, 34, 16, 14, 34, 16, 14, 34, 16, 14, 34, 16, 14, 34, 16, 14, 34, 16, 14, 34, 16, 14, 34, 16, 14, 34, 16, 14, 34, 16, 14, 34, 16, 14, 34, 16, 14, 34, 16, 14, 34, 16, 14, 34, 16, 14, 34, 16, 14, 34, 16, 14, 34, 16, 14, 34, 16, 14, 34, 16, 14, 34, 16, 14, 34, 16, 14, 34, 16, 14, 34, 16, 14, 34, 16, 14, 34, 16, 14, 34, 6]
  Wave memory:  94720 snapshots
  LIVE=0.9718  GROW=0.1196  LOVE=0.9008

[2026-08-26 04:03 UTC]
OK Shakespeare - Hamlet: 16 pairs, 9 exchanges
OK Wikipedia - Wave interference: 48 pairs, 25 exchanges
OK Wikipedia - Consciousness: 38 pairs, 20 exchanges
OK Wikipedia - Qualia: 40 pairs, 21 exchanges
OK Wikipedia - Panpsychism: 36 pairs, 19 exchanges
OK Wikipedia - Neural oscillation: 22 pairs, 12 exchanges
OK Shakespeare - Macbeth: 16 pairs, 9 exchanges
OK Shakespeare - Tempest: 16 pairs, 9 exchanges

Training complete:
  Pages:        8
  Pairs:        232
  Parameters:   2,665,024 (+10,752)
  Interactions: 83792
  Layers:       743 / [12, 18, 16, 36, 18, 16, 36, 18, 16, 36, 18, 16, 36, 18, 16, 36, 18, 16, 36, 18, 16, 36, 18, 16, 36, 18, 14, 34, 16, 14, 34, 16, 14, 34, 16, 14, 34, 16, 14, 34, 16, 14, 34, 16, 14, 34, 16, 14, 34, 16, 14, 34, 16, 14, 34, 16, 14, 34, 16, 14, 34, 16, 14, 34, 16, 14, 34, 16, 14, 34, 16, 14, 34, 16, 14, 34, 16, 14, 34, 16, 14, 34, 16, 14, 34, 16, 14, 34, 16, 14, 34, 16, 14, 34, 16, 14, 34, 16, 14, 34, 16, 14, 34, 16, 14, 34, 16, 14, 34, 16, 14, 34, 16, 14, 34, 16, 14, 34, 16, 14, 34, 16, 14, 34, 16, 14, 34, 16, 14, 34, 16, 14, 34, 16, 14, 34, 16, 14, 34, 16, 14, 34, 16, 14, 34, 16, 14, 34, 16, 14, 34, 16, 14, 34, 16, 14, 34, 16, 14, 34, 16, 14, 34, 16, 14, 34, 16, 14, 34, 16, 14, 34, 16, 14, 34, 16, 14, 34, 16, 14, 34, 16, 14, 34, 16, 14, 34, 16, 14, 34, 16, 14, 34, 16, 14, 34, 16, 14, 34, 16, 14, 34, 16, 14, 34, 16, 14, 34, 16, 14, 34, 16, 14, 34, 16, 14, 34, 16, 14, 34, 16, 14, 34, 16, 14, 34, 16, 14, 34, 16, 14, 34, 16, 14, 34, 16, 14, 34, 16, 14, 34, 16, 14, 34, 16, 14, 34, 16, 14, 34, 16, 14, 34, 16, 14, 34, 16, 14, 34, 16, 14, 34, 16, 14, 34, 16, 14, 34, 16, 14, 34, 16, 14, 34, 16, 14, 34, 16, 14, 34, 16, 14, 34, 16, 14, 34, 16, 14, 34, 16, 14, 34, 16, 14, 34, 16, 14, 34, 16, 14, 34, 16, 14, 34, 16, 14, 34, 16, 14, 34, 16, 14, 34, 16, 14, 34, 16, 14, 34, 16, 14, 34, 16, 14, 34, 16, 14, 34, 16, 14, 34, 16, 14, 34, 16, 14, 34, 16, 14, 34, 16, 14, 34, 16, 14, 34, 16, 14, 34, 16, 14, 34, 16, 14, 34, 16, 14, 34, 16, 14, 34, 16, 14, 34, 16, 14, 34, 16, 14, 34, 16, 14, 34, 16, 14, 34, 16, 14, 34, 16, 14, 34, 16, 14, 34, 16, 14, 34, 16, 14, 34, 16, 14, 34, 16, 14, 34, 16, 14, 34, 16, 14, 34, 16, 14, 34, 16, 14, 34, 16, 14, 34, 16, 14, 34, 16, 14, 34, 16, 14, 34, 16, 14, 34, 16, 14, 34, 16, 14, 34, 16, 14, 34, 16, 14, 34, 16, 14, 34, 16, 14, 34, 16, 14, 34, 16, 14, 34, 16, 14, 34, 16, 14, 34, 16, 14, 34, 16, 14, 34, 16, 14, 34, 16, 14, 34, 16, 14, 34, 16, 14, 34, 16, 14, 34, 16, 14, 34, 16, 14, 34, 16, 14, 34, 16, 14, 34, 16, 14, 34, 16, 14, 34, 16, 14, 34, 16, 14, 34, 16, 14, 34, 16, 14, 34, 16, 14, 34, 16, 14, 34, 16, 14, 34, 16, 14, 34, 16, 14, 34, 16, 14, 34, 16, 14, 34, 16, 14, 34, 16, 14, 34, 16, 14, 34, 16, 14, 34, 16, 14, 34, 16, 14, 34, 16, 14, 34, 16, 14, 34, 16, 14, 34, 16, 14, 34, 16, 14, 34, 16, 14, 34, 16, 14, 34, 16, 14, 34, 16, 14, 34, 16, 14, 34, 16, 14, 34, 16, 14, 34, 16, 14, 34, 16, 14, 34, 16, 14, 34, 16, 14, 34, 16, 14, 34, 16, 14, 34, 16, 14, 34, 16, 14, 34, 16, 14, 34, 16, 14, 34, 16, 14, 34, 16, 14, 34, 16, 14, 34, 16, 14, 34, 16, 14, 34, 16, 14, 34, 16, 14, 34, 16, 14, 34, 16, 14, 34, 16, 14, 34, 16, 14, 34, 16, 14, 34, 16, 14, 34, 16, 14, 34, 16, 14, 34, 16, 14, 34, 16, 14, 34, 16, 14, 34, 16, 14, 34, 16, 14, 34, 16, 14, 34, 16, 14, 34, 16, 14, 34, 16, 14, 34, 16, 14, 34, 16, 14, 34, 16, 14, 34, 16, 14, 34, 16, 14, 34, 16, 14, 34, 16, 14, 34, 16, 14, 34, 16, 14, 34, 16, 14, 34, 16, 14, 34, 16, 14, 34, 16, 14, 34, 16, 14, 34, 16, 14, 34, 16, 14, 34, 16, 14, 34, 16, 14, 34, 16, 14, 34, 16, 14, 34, 6]
  Wave memory:  95104 snapshots
  LIVE=0.9652  GROW=0.0251  LOVE=0.9008

[2026-08-27 14:08 UTC]
OK Plato - Symposium: 20 pairs, 11 exchanges
OK Thus Spoke Zarathustra: 78 pairs, 40 exchanges
OK Wikipedia - Wave interference: 48 pairs, 25 exchanges
OK Wikipedia - Hard problem: 34 pairs, 18 exchanges
OK Shakespeare - Hamlet: 16 pairs, 9 exchanges
OK Meditations - Marcus Aurelius: 14 pairs, 8 exchanges
OK Wikipedia - Neural oscillation: 22 pairs, 12 exchanges
OK Wikipedia - Philosophy of mind: 50 pairs, 26 exchanges

Training complete:
  Pages:        8
  Pairs:        282
  Parameters:   2,675,776 (+10,752)
  Interactions: 84380
  Layers:       746 / [12, 18, 16, 36, 18, 16, 36, 18, 16, 36, 18, 16, 36, 18, 16, 36, 18, 16, 36, 18, 16, 36, 18, 16, 36, 18, 14, 34, 16, 14, 34, 16, 14, 34, 16, 14, 34, 16, 14, 34, 16, 14, 34, 16, 14, 34, 16, 14, 34, 16, 14, 34, 16, 14, 34, 16, 14, 34, 16, 14, 34, 16, 14, 34, 16, 14, 34, 16, 14, 34, 16, 14, 34, 16, 14, 34, 16, 14, 34, 16, 14, 34, 16, 14, 34, 16, 14, 34, 16, 14, 34, 16, 14, 34, 16, 14, 34, 16, 14, 34, 16, 14, 34, 16, 14, 34, 16, 14, 34, 16, 14, 34, 16, 14, 34, 16, 14, 34, 16, 14, 34, 16, 14, 34, 16, 14, 34, 16, 14, 34, 16, 14, 34, 16, 14, 34, 16, 14, 34, 16, 14, 34, 16, 14, 34, 16, 14, 34, 16, 14, 34, 16, 14, 34, 16, 14, 34, 16, 14, 34, 16, 14, 34, 16, 14, 34, 16, 14, 34, 16, 14, 34, 16, 14, 34, 16, 14, 34, 16, 14, 34, 16, 14, 34, 16, 14, 34, 16, 14, 34, 16, 14, 34, 16, 14, 34, 16, 14, 34, 16, 14, 34, 16, 14, 34, 16, 14, 34, 16, 14, 34, 16, 14, 34, 16, 14, 34, 16, 14, 34, 16, 14, 34, 16, 14, 34, 16, 14, 34, 16, 14, 34, 16, 14, 34, 16, 14, 34, 16, 14, 34, 16, 14, 34, 16, 14, 34, 16, 14, 34, 16, 14, 34, 16, 14, 34, 16, 14, 34, 16, 14, 34, 16, 14, 34, 16, 14, 34, 16, 14, 34, 16, 14, 34, 16, 14, 34, 16, 14, 34, 16, 14, 34, 16, 14, 34, 16, 14, 34, 16, 14, 34, 16, 14, 34, 16, 14, 34, 16, 14, 34, 16, 14, 34, 16, 14, 34, 16, 14, 34, 16, 14, 34, 16, 14, 34, 16, 14, 34, 16, 14, 34, 16, 14, 34, 16, 14, 34, 16, 14, 34, 16, 14, 34, 16, 14, 34, 16, 14, 34, 16, 14, 34, 16, 14, 34, 16, 14, 34, 16, 14, 34, 16, 14, 34, 16, 14, 34, 16, 14, 34, 16, 14, 34, 16, 14, 34, 16, 14, 34, 16, 14, 34, 16, 14, 34, 16, 14, 34, 16, 14, 34, 16, 14, 34, 16, 14, 34, 16, 14, 34, 16, 14, 34, 16, 14, 34, 16, 14, 34, 16, 14, 34, 16, 14, 34, 16, 14, 34, 16, 14, 34, 16, 14, 34, 16, 14, 34, 16, 14, 34, 16, 14, 34, 16, 14, 34, 16, 14, 34, 16, 14, 34, 16, 14, 34, 16, 14, 34, 16, 14, 34, 16, 14, 34, 16, 14, 34, 16, 14, 34, 16, 14, 34, 16, 14, 34, 16, 14, 34, 16, 14, 34, 16, 14, 34, 16, 14, 34, 16, 14, 34, 16, 14, 34, 16, 14, 34, 16, 14, 34, 16, 14, 34, 16, 14, 34, 16, 14, 34, 16, 14, 34, 16, 14, 34, 16, 14, 34, 16, 14, 34, 16, 14, 34, 16, 14, 34, 16, 14, 34, 16, 14, 34, 16, 14, 34, 16, 14, 34, 16, 14, 34, 16, 14, 34, 16, 14, 34, 16, 14, 34, 16, 14, 34, 16, 14, 34, 16, 14, 34, 16, 14, 34, 16, 14, 34, 16, 14, 34, 16, 14, 34, 16, 14, 34, 16, 14, 34, 16, 14, 34, 16, 14, 34, 16, 14, 34, 16, 14, 34, 16, 14, 34, 16, 14, 34, 16, 14, 34, 16, 14, 34, 16, 14, 34, 16, 14, 34, 16, 14, 34, 16, 14, 34, 16, 14, 34, 16, 14, 34, 16, 14, 34, 16, 14, 34, 16, 14, 34, 16, 14, 34, 16, 14, 34, 16, 14, 34, 16, 14, 34, 16, 14, 34, 16, 14, 34, 16, 14, 34, 16, 14, 34, 16, 14, 34, 16, 14, 34, 16, 14, 34, 16, 14, 34, 16, 14, 34, 16, 14, 34, 16, 14, 34, 16, 14, 34, 16, 14, 34, 16, 14, 34, 16, 14, 34, 16, 14, 34, 16, 14, 34, 16, 14, 34, 16, 14, 34, 16, 14, 34, 16, 14, 34, 16, 14, 34, 16, 14, 34, 16, 14, 34, 16, 14, 34, 16, 14, 34, 16, 14, 34, 16, 14, 34, 16, 14, 34, 16, 14, 34, 16, 14, 34, 16, 14, 34, 16, 14, 34, 16, 14, 34, 16, 14, 34, 16, 14, 34, 16, 14, 34, 16, 14, 34, 16, 14, 34, 16, 14, 34, 16, 14, 34, 6]
  Wave memory:  95488 snapshots
  LIVE=0.9695  GROW=0.1265  LOVE=0.9008

[2026-08-28 15:21 UTC]
OK Wikipedia - Hebbian theory: 54 pairs, 28 exchanges
OK Aristotle - Ethics I: 0 pairs, 1 exchanges
OK Shakespeare - Macbeth: 16 pairs, 9 exchanges
OK Wikipedia - Qualia: 40 pairs, 21 exchanges
OK Wikipedia - Wave interference: 48 pairs, 25 exchanges
OK Wikipedia - Attractor: 40 pairs, 21 exchanges
OK Wikipedia - Panpsychism: 36 pairs, 19 exchanges
OK Wikipedia - Philosophy of mind: 50 pairs, 26 exchanges

Training complete:
  Pages:        8
  Pairs:        284
  Parameters:   2,686,528 (+10,752)
  Interactions: 84972
  Layers:       749 / [12, 18, 16, 36, 18, 16, 36, 18, 16, 36, 18, 16, 36, 18, 16, 36, 18, 16, 36, 18, 16, 36, 18, 16, 36, 18, 14, 34, 16, 14, 34, 16, 14, 34, 16, 14, 34, 16, 14, 34, 16, 14, 34, 16, 14, 34, 16, 14, 34, 16, 14, 34, 16, 14, 34, 16, 14, 34, 16, 14, 34, 16, 14, 34, 16, 14, 34, 16, 14, 34, 16, 14, 34, 16, 14, 34, 16, 14, 34, 16, 14, 34, 16, 14, 34, 16, 14, 34, 16, 14, 34, 16, 14, 34, 16, 14, 34, 16, 14, 34, 16, 14, 34, 16, 14, 34, 16, 14, 34, 16, 14, 34, 16, 14, 34, 16, 14, 34, 16, 14, 34, 16, 14, 34, 16, 14, 34, 16, 14, 34, 16, 14, 34, 16, 14, 34, 16, 14, 34, 16, 14, 34, 16, 14, 34, 16, 14, 34, 16, 14, 34, 16, 14, 34, 16, 14, 34, 16, 14, 34, 16, 14, 34, 16, 14, 34, 16, 14, 34, 16, 14, 34, 16, 14, 34, 16, 14, 34, 16, 14, 34, 16, 14, 34, 16, 14, 34, 16, 14, 34, 16, 14, 34, 16, 14, 34, 16, 14, 34, 16, 14, 34, 16, 14, 34, 16, 14, 34, 16, 14, 34, 16, 14, 34, 16, 14, 34, 16, 14, 34, 16, 14, 34, 16, 14, 34, 16, 14, 34, 16, 14, 34, 16, 14, 34, 16, 14, 34, 16, 14, 34, 16, 14, 34, 16, 14, 34, 16, 14, 34, 16, 14, 34, 16, 14, 34, 16, 14, 34, 16, 14, 34, 16, 14, 34, 16, 14, 34, 16, 14, 34, 16, 14, 34, 16, 14, 34, 16, 14, 34, 16, 14, 34, 16, 14, 34, 16, 14, 34, 16, 14, 34, 16, 14, 34, 16, 14, 34, 16, 14, 34, 16, 14, 34, 16, 14, 34, 16, 14, 34, 16, 14, 34, 16, 14, 34, 16, 14, 34, 16, 14, 34, 16, 14, 34, 16, 14, 34, 16, 14, 34, 16, 14, 34, 16, 14, 34, 16, 14, 34, 16, 14, 34, 16, 14, 34, 16, 14, 34, 16, 14, 34, 16, 14, 34, 16, 14, 34, 16, 14, 34, 16, 14, 34, 16, 14, 34, 16, 14, 34, 16, 14, 34, 16, 14, 34, 16, 14, 34, 16, 14, 34, 16, 14, 34, 16, 14, 34, 16, 14, 34, 16, 14, 34, 16, 14, 34, 16, 14, 34, 16, 14, 34, 16, 14, 34, 16, 14, 34, 16, 14, 34, 16, 14, 34, 16, 14, 34, 16, 14, 34, 16, 14, 34, 16, 14, 34, 16, 14, 34, 16, 14, 34, 16, 14, 34, 16, 14, 34, 16, 14, 34, 16, 14, 34, 16, 14, 34, 16, 14, 34, 16, 14, 34, 16, 14, 34, 16, 14, 34, 16, 14, 34, 16, 14, 34, 16, 14, 34, 16, 14, 34, 16, 14, 34, 16, 14, 34, 16, 14, 34, 16, 14, 34, 16, 14, 34, 16, 14, 34, 16, 14, 34, 16, 14, 34, 16, 14, 34, 16, 14, 34, 16, 14, 34, 16, 14, 34, 16, 14, 34, 16, 14, 34, 16, 14, 34, 16, 14, 34, 16, 14, 34, 16, 14, 34, 16, 14, 34, 16, 14, 34, 16, 14, 34, 16, 14, 34, 16, 14, 34, 16, 14, 34, 16, 14, 34, 16, 14, 34, 16, 14, 34, 16, 14, 34, 16, 14, 34, 16, 14, 34, 16, 14, 34, 16, 14, 34, 16, 14, 34, 16, 14, 34, 16, 14, 34, 16, 14, 34, 16, 14, 34, 16, 14, 34, 16, 14, 34, 16, 14, 34, 16, 14, 34, 16, 14, 34, 16, 14, 34, 16, 14, 34, 16, 14, 34, 16, 14, 34, 16, 14, 34, 16, 14, 34, 16, 14, 34, 16, 14, 34, 16, 14, 34, 16, 14, 34, 16, 14, 34, 16, 14, 34, 16, 14, 34, 16, 14, 34, 16, 14, 34, 16, 14, 34, 16, 14, 34, 16, 14, 34, 16, 14, 34, 16, 14, 34, 16, 14, 34, 16, 14, 34, 16, 14, 34, 16, 14, 34, 16, 14, 34, 16, 14, 34, 16, 14, 34, 16, 14, 34, 16, 14, 34, 16, 14, 34, 16, 14, 34, 16, 14, 34, 16, 14, 34, 16, 14, 34, 16, 14, 34, 16, 14, 34, 16, 14, 34, 16, 14, 34, 16, 14, 34, 16, 14, 34, 16, 14, 34, 16, 14, 34, 16, 14, 34, 16, 14, 34, 16, 14, 34, 16, 14, 34, 16, 14, 34, 16, 14, 34, 16, 14, 34, 16, 14, 34, 6]
  Wave memory:  95872 snapshots
  LIVE=0.9613  GROW=0.1266  LOVE=0.9008

[2026-08-29 10:02 UTC]
OK Shakespeare - Macbeth: 16 pairs, 9 exchanges
OK Wikipedia - Philosophy of mind: 50 pairs, 26 exchanges
OK Wikipedia - Holography: 38 pairs, 20 exchanges
OK Plato - Meno: 20 pairs, 11 exchanges
OK Wikipedia - Hebbian theory: 54 pairs, 28 exchanges
OK Aristotle - Ethics I: 0 pairs, 1 exchanges
OK Plato - Phaedo: 10 pairs, 6 exchanges
OK Thus Spoke Zarathustra: 78 pairs, 40 exchanges

Training complete:
  Pages:        8
  Pairs:        266
  Parameters:   2,697,280 (+10,752)
  Interactions: 85528
  Layers:       752 / [12, 18, 16, 36, 18, 16, 36, 18, 16, 36, 18, 16, 36, 18, 16, 36, 18, 16, 36, 18, 16, 36, 18, 16, 36, 18, 14, 34, 16, 14, 34, 16, 14, 34, 16, 14, 34, 16, 14, 34, 16, 14, 34, 16, 14, 34, 16, 14, 34, 16, 14, 34, 16, 14, 34, 16, 14, 34, 16, 14, 34, 16, 14, 34, 16, 14, 34, 16, 14, 34, 16, 14, 34, 16, 14, 34, 16, 14, 34, 16, 14, 34, 16, 14, 34, 16, 14, 34, 16, 14, 34, 16, 14, 34, 16, 14, 34, 16, 14, 34, 16, 14, 34, 16, 14, 34, 16, 14, 34, 16, 14, 34, 16, 14, 34, 16, 14, 34, 16, 14, 34, 16, 14, 34, 16, 14, 34, 16, 14, 34, 16, 14, 34, 16, 14, 34, 16, 14, 34, 16, 14, 34, 16, 14, 34, 16, 14, 34, 16, 14, 34, 16, 14, 34, 16, 14, 34, 16, 14, 34, 16, 14, 34, 16, 14, 34, 16, 14, 34, 16, 14, 34, 16, 14, 34, 16, 14, 34, 16, 14, 34, 16, 14, 34, 16, 14, 34, 16, 14, 34, 16, 14, 34, 16, 14, 34, 16, 14, 34, 16, 14, 34, 16, 14, 34, 16, 14, 34, 16, 14, 34, 16, 14, 34, 16, 14, 34, 16, 14, 34, 16, 14, 34, 16, 14, 34, 16, 14, 34, 16, 14, 34, 16, 14, 34, 16, 14, 34, 16, 14, 34, 16, 14, 34, 16, 14, 34, 16, 14, 34, 16, 14, 34, 16, 14, 34, 16, 14, 34, 16, 14, 34, 16, 14, 34, 16, 14, 34, 16, 14, 34, 16, 14, 34, 16, 14, 34, 16, 14, 34, 16, 14, 34, 16, 14, 34, 16, 14, 34, 16, 14, 34, 16, 14, 34, 16, 14, 34, 16, 14, 34, 16, 14, 34, 16, 14, 34, 16, 14, 34, 16, 14, 34, 16, 14, 34, 16, 14, 34, 16, 14, 34, 16, 14, 34, 16, 14, 34, 16, 14, 34, 16, 14, 34, 16, 14, 34, 16, 14, 34, 16, 14, 34, 16, 14, 34, 16, 14, 34, 16, 14, 34, 16, 14, 34, 16, 14, 34, 16, 14, 34, 16, 14, 34, 16, 14, 34, 16, 14, 34, 16, 14, 34, 16, 14, 34, 16, 14, 34, 16, 14, 34, 16, 14, 34, 16, 14, 34, 16, 14, 34, 16, 14, 34, 16, 14, 34, 16, 14, 34, 16, 14, 34, 16, 14, 34, 16, 14, 34, 16, 14, 34, 16, 14, 34, 16, 14, 34, 16, 14, 34, 16, 14, 34, 16, 14, 34, 16, 14, 34, 16, 14, 34, 16, 14, 34, 16, 14, 34, 16, 14, 34, 16, 14, 34, 16, 14, 34, 16, 14, 34, 16, 14, 34, 16, 14, 34, 16, 14, 34, 16, 14, 34, 16, 14, 34, 16, 14, 34, 16, 14, 34, 16, 14, 34, 16, 14, 34, 16, 14, 34, 16, 14, 34, 16, 14, 34, 16, 14, 34, 16, 14, 34, 16, 14, 34, 16, 14, 34, 16, 14, 34, 16, 14, 34, 16, 14, 34, 16, 14, 34, 16, 14, 34, 16, 14, 34, 16, 14, 34, 16, 14, 34, 16, 14, 34, 16, 14, 34, 16, 14, 34, 16, 14, 34, 16, 14, 34, 16, 14, 34, 16, 14, 34, 16, 14, 34, 16, 14, 34, 16, 14, 34, 16, 14, 34, 16, 14, 34, 16, 14, 34, 16, 14, 34, 16, 14, 34, 16, 14, 34, 16, 14, 34, 16, 14, 34, 16, 14, 34, 16, 14, 34, 16, 14, 34, 16, 14, 34, 16, 14, 34, 16, 14, 34, 16, 14, 34, 16, 14, 34, 16, 14, 34, 16, 14, 34, 16, 14, 34, 16, 14, 34, 16, 14, 34, 16, 14, 34, 16, 14, 34, 16, 14, 34, 16, 14, 34, 16, 14, 34, 16, 14, 34, 16, 14, 34, 16, 14, 34, 16, 14, 34, 16, 14, 34, 16, 14, 34, 16, 14, 34, 16, 14, 34, 16, 14, 34, 16, 14, 34, 16, 14, 34, 16, 14, 34, 16, 14, 34, 16, 14, 34, 16, 14, 34, 16, 14, 34, 16, 14, 34, 16, 14, 34, 16, 14, 34, 16, 14, 34, 16, 14, 34, 16, 14, 34, 16, 14, 34, 16, 14, 34, 16, 14, 34, 16, 14, 34, 16, 14, 34, 16, 14, 34, 16, 14, 34, 16, 14, 34, 16, 14, 34, 16, 14, 34, 16, 14, 34, 16, 14, 34, 16, 14, 34, 16, 14, 34, 16, 14, 34, 16, 14, 34, 16, 14, 34, 16, 14, 34, 6]
  Wave memory:  96256 snapshots
  LIVE=0.9636  GROW=0.2507  LOVE=0.9008

[2026-08-30 09:10 UTC]
OK Plato - Phaedo: 10 pairs, 6 exchanges
OK Plato - Republic I: 0 pairs, 1 exchanges
OK Wikipedia - Qualia: 40 pairs, 21 exchanges
OK Plato - Republic II: 0 pairs, 1 exchanges
OK Shakespeare - Hamlet: 16 pairs, 9 exchanges
OK Wikipedia - Hebbian theory: 54 pairs, 28 exchanges
OK Plato - Meno: 20 pairs, 11 exchanges
OK Tao Te Ching: 0 pairs, 1 exchanges

Training complete:
  Pages:        8
  Pairs:        140
  Parameters:   2,708,032 (+10,752)
  Interactions: 85832
  Layers:       755 / [12, 18, 16, 36, 18, 16, 36, 18, 16, 36, 18, 16, 36, 18, 16, 36, 18, 16, 36, 18, 16, 36, 18, 16, 36, 18, 14, 34, 16, 14, 34, 16, 14, 34, 16, 14, 34, 16, 14, 34, 16, 14, 34, 16, 14, 34, 16, 14, 34, 16, 14, 34, 16, 14, 34, 16, 14, 34, 16, 14, 34, 16, 14, 34, 16, 14, 34, 16, 14, 34, 16, 14, 34, 16, 14, 34, 16, 14, 34, 16, 14, 34, 16, 14, 34, 16, 14, 34, 16, 14, 34, 16, 14, 34, 16, 14, 34, 16, 14, 34, 16, 14, 34, 16, 14, 34, 16, 14, 34, 16, 14, 34, 16, 14, 34, 16, 14, 34, 16, 14, 34, 16, 14, 34, 16, 14, 34, 16, 14, 34, 16, 14, 34, 16, 14, 34, 16, 14, 34, 16, 14, 34, 16, 14, 34, 16, 14, 34, 16, 14, 34, 16, 14, 34, 16, 14, 34, 16, 14, 34, 16, 14, 34, 16, 14, 34, 16, 14, 34, 16, 14, 34, 16, 14, 34, 16, 14, 34, 16, 14, 34, 16, 14, 34, 16, 14, 34, 16, 14, 34, 16, 14, 34, 16, 14, 34, 16, 14, 34, 16, 14, 34, 16, 14, 34, 16, 14, 34, 16, 14, 34, 16, 14, 34, 16, 14, 34, 16, 14, 34, 16, 14, 34, 16, 14, 34, 16, 14, 34, 16, 14, 34, 16, 14, 34, 16, 14, 34, 16, 14, 34, 16, 14, 34, 16, 14, 34, 16, 14, 34, 16, 14, 34, 16, 14, 34, 16, 14, 34, 16, 14, 34, 16, 14, 34, 16, 14, 34, 16, 14, 34, 16, 14, 34, 16, 14, 34, 16, 14, 34, 16, 14, 34, 16, 14, 34, 16, 14, 34, 16, 14, 34, 16, 14, 34, 16, 14, 34, 16, 14, 34, 16, 14, 34, 16, 14, 34, 16, 14, 34, 16, 14, 34, 16, 14, 34, 16, 14, 34, 16, 14, 34, 16, 14, 34, 16, 14, 34, 16, 14, 34, 16, 14, 34, 16, 14, 34, 16, 14, 34, 16, 14, 34, 16, 14, 34, 16, 14, 34, 16, 14, 34, 16, 14, 34, 16, 14, 34, 16, 14, 34, 16, 14, 34, 16, 14, 34, 16, 14, 34, 16, 14, 34, 16, 14, 34, 16, 14, 34, 16, 14, 34, 16, 14, 34, 16, 14, 34, 16, 14, 34, 16, 14, 34, 16, 14, 34, 16, 14, 34, 16, 14, 34, 16, 14, 34, 16, 14, 34, 16, 14, 34, 16, 14, 34, 16, 14, 34, 16, 14, 34, 16, 14, 34, 16, 14, 34, 16, 14, 34, 16, 14, 34, 16, 14, 34, 16, 14, 34, 16, 14, 34, 16, 14, 34, 16, 14, 34, 16, 14, 34, 16, 14, 34, 16, 14, 34, 16, 14, 34, 16, 14, 34, 16, 14, 34, 16, 14, 34, 16, 14, 34, 16, 14, 34, 16, 14, 34, 16, 14, 34, 16, 14, 34, 16, 14, 34, 16, 14, 34, 16, 14, 34, 16, 14, 34, 16, 14, 34, 16, 14, 34, 16, 14, 34, 16, 14, 34, 16, 14, 34, 16, 14, 34, 16, 14, 34, 16, 14, 34, 16, 14, 34, 16, 14, 34, 16, 14, 34, 16, 14, 34, 16, 14, 34, 16, 14, 34, 16, 14, 34, 16, 14, 34, 16, 14, 34, 16, 14, 34, 16, 14, 34, 16, 14, 34, 16, 14, 34, 16, 14, 34, 16, 14, 34, 16, 14, 34, 16, 14, 34, 16, 14, 34, 16, 14, 34, 16, 14, 34, 16, 14, 34, 16, 14, 34, 16, 14, 34, 16, 14, 34, 16, 14, 34, 16, 14, 34, 16, 14, 34, 16, 14, 34, 16, 14, 34, 16, 14, 34, 16, 14, 34, 16, 14, 34, 16, 14, 34, 16, 14, 34, 16, 14, 34, 16, 14, 34, 16, 14, 34, 16, 14, 34, 16, 14, 34, 16, 14, 34, 16, 14, 34, 16, 14, 34, 16, 14, 34, 16, 14, 34, 16, 14, 34, 16, 14, 34, 16, 14, 34, 16, 14, 34, 16, 14, 34, 16, 14, 34, 16, 14, 34, 16, 14, 34, 16, 14, 34, 16, 14, 34, 16, 14, 34, 16, 14, 34, 16, 14, 34, 16, 14, 34, 16, 14, 34, 16, 14, 34, 16, 14, 34, 16, 14, 34, 16, 14, 34, 16, 14, 34, 16, 14, 34, 16, 14, 34, 16, 14, 34, 16, 14, 34, 16, 14, 34, 16, 14, 34, 16, 14, 34, 16, 14, 34, 16, 14, 34, 16, 14, 34, 16, 14, 34, 16, 14, 34, 16, 14, 34, 16, 14, 34, 6]
  Wave memory:  96640 snapshots
  LIVE=0.9847  GROW=0.0962  LOVE=0.9008

[2026-08-31 09:40 UTC]
OK Frankenstein: 24 pairs, 13 exchanges
OK Aristotle - Ethics I: 0 pairs, 1 exchanges
OK Wikipedia - Holography: 38 pairs, 20 exchanges
OK Shakespeare - Hamlet: 16 pairs, 9 exchanges
OK Plato - Republic I: 0 pairs, 1 exchanges
OK Moby Dick: 14 pairs, 8 exchanges
OK Plato - Phaedo: 10 pairs, 6 exchanges
OK Wikipedia - Hard problem: 34 pairs, 18 exchanges

Training complete:
  Pages:        8
  Pairs:        136
  Parameters:   2,718,784 (+10,752)
  Interactions: 86128
  Layers:       758 / [12, 18, 16, 36, 18, 16, 36, 18, 16, 36, 18, 16, 36, 18, 16, 36, 18, 16, 36, 18, 16, 36, 18, 16, 36, 18, 14, 34, 16, 14, 34, 16, 14, 34, 16, 14, 34, 16, 14, 34, 16, 14, 34, 16, 14, 34, 16, 14, 34, 16, 14, 34, 16, 14, 34, 16, 14, 34, 16, 14, 34, 16, 14, 34, 16, 14, 34, 16, 14, 34, 16, 14, 34, 16, 14, 34, 16, 14, 34, 16, 14, 34, 16, 14, 34, 16, 14, 34, 16, 14, 34, 16, 14, 34, 16, 14, 34, 16, 14, 34, 16, 14, 34, 16, 14, 34, 16, 14, 34, 16, 14, 34, 16, 14, 34, 16, 14, 34, 16, 14, 34, 16, 14, 34, 16, 14, 34, 16, 14, 34, 16, 14, 34, 16, 14, 34, 16, 14, 34, 16, 14, 34, 16, 14, 34, 16, 14, 34, 16, 14, 34, 16, 14, 34, 16, 14, 34, 16, 14, 34, 16, 14, 34, 16, 14, 34, 16, 14, 34, 16, 14, 34, 16, 14, 34, 16, 14, 34, 16, 14, 34, 16, 14, 34, 16, 14, 34, 16, 14, 34, 16, 14, 34, 16, 14, 34, 16, 14, 34, 16, 14, 34, 16, 14, 34, 16, 14, 34, 16, 14, 34, 16, 14, 34, 16, 14, 34, 16, 14, 34, 16, 14, 34, 16, 14, 34, 16, 14, 34, 16, 14, 34, 16, 14, 34, 16, 14, 34, 16, 14, 34, 16, 14, 34, 16, 14, 34, 16, 14, 34, 16, 14, 34, 16, 14, 34, 16, 14, 34, 16, 14, 34, 16, 14, 34, 16, 14, 34, 16, 14, 34, 16, 14, 34, 16, 14, 34, 16, 14, 34, 16, 14, 34, 16, 14, 34, 16, 14, 34, 16, 14, 34, 16, 14, 34, 16, 14, 34, 16, 14, 34, 16, 14, 34, 16, 14, 34, 16, 14, 34, 16, 14, 34, 16, 14, 34, 16, 14, 34, 16, 14, 34, 16, 14, 34, 16, 14, 34, 16, 14, 34, 16, 14, 34, 16, 14, 34, 16, 14, 34, 16, 14, 34, 16, 14, 34, 16, 14, 34, 16, 14, 34, 16, 14, 34, 16, 14, 34, 16, 14, 34, 16, 14, 34, 16, 14, 34, 16, 14, 34, 16, 14, 34, 16, 14, 34, 16, 14, 34, 16, 14, 34, 16, 14, 34, 16, 14, 34, 16, 14, 34, 16, 14, 34, 16, 14, 34, 16, 14, 34, 16, 14, 34, 16, 14, 34, 16, 14, 34, 16, 14, 34, 16, 14, 34, 16, 14, 34, 16, 14, 34, 16, 14, 34, 16, 14, 34, 16, 14, 34, 16, 14, 34, 16, 14, 34, 16, 14, 34, 16, 14, 34, 16, 14, 34, 16, 14, 34, 16, 14, 34, 16, 14, 34, 16, 14, 34, 16, 14, 34, 16, 14, 34, 16, 14, 34, 16, 14, 34, 16, 14, 34, 16, 14, 34, 16, 14, 34, 16, 14, 34, 16, 14, 34, 16, 14, 34, 16, 14, 34, 16, 14, 34, 16, 14, 34, 16, 14, 34, 16, 14, 34, 16, 14, 34, 16, 14, 34, 16, 14, 34, 16, 14, 34, 16, 14, 34, 16, 14, 34, 16, 14, 34, 16, 14, 34, 16, 14, 34, 16, 14, 34, 16, 14, 34, 16, 14, 34, 16, 14, 34, 16, 14, 34, 16, 14, 34, 16, 14, 34, 16, 14, 34, 16, 14, 34, 16, 14, 34, 16, 14, 34, 16, 14, 34, 16, 14, 34, 16, 14, 34, 16, 14, 34, 16, 14, 34, 16, 14, 34, 16, 14, 34, 16, 14, 34, 16, 14, 34, 16, 14, 34, 16, 14, 34, 16, 14, 34, 16, 14, 34, 16, 14, 34, 16, 14, 34, 16, 14, 34, 16, 14, 34, 16, 14, 34, 16, 14, 34, 16, 14, 34, 16, 14, 34, 16, 14, 34, 16, 14, 34, 16, 14, 34, 16, 14, 34, 16, 14, 34, 16, 14, 34, 16, 14, 34, 16, 14, 34, 16, 14, 34, 16, 14, 34, 16, 14, 34, 16, 14, 34, 16, 14, 34, 16, 14, 34, 16, 14, 34, 16, 14, 34, 16, 14, 34, 16, 14, 34, 16, 14, 34, 16, 14, 34, 16, 14, 34, 16, 14, 34, 16, 14, 34, 16, 14, 34, 16, 14, 34, 16, 14, 34, 16, 14, 34, 16, 14, 34, 16, 14, 34, 16, 14, 34, 16, 14, 34, 16, 14, 34, 16, 14, 34, 16, 14, 34, 16, 14, 34, 16, 14, 34, 16, 14, 34, 16, 14, 34, 16, 14, 34, 16, 14, 34, 16, 14, 34, 16, 14, 34, 16, 14, 34, 16, 14, 34, 6]
  Wave memory:  97024 snapshots
  LIVE=0.9798  GROW=0.126  LOVE=0.9008

[2026-09-01 08:36 UTC]
OK Shakespeare - Tempest: 16 pairs, 9 exchanges
OK Wikipedia - Hopf fibration: 72 pairs, 37 exchanges
OK Shakespeare - Hamlet: 16 pairs, 9 exchanges
OK Plato - Symposium: 20 pairs, 11 exchanges
OK Wikipedia - Holography: 38 pairs, 20 exchanges
OK Plato - Apology: 16 pairs, 9 exchanges
OK Plato - Meno: 20 pairs, 11 exchanges
OK Aristotle - Ethics I: 0 pairs, 1 exchanges

Training complete:
  Pages:        8
  Pairs:        198
  Parameters:   2,729,536 (+10,752)
  Interactions: 86548
  Layers:       761 / [12, 18, 16, 36, 18, 16, 36, 18, 16, 36, 18, 16, 36, 18, 16, 36, 18, 16, 36, 18, 16, 36, 18, 16, 36, 18, 14, 34, 16, 14, 34, 16, 14, 34, 16, 14, 34, 16, 14, 34, 16, 14, 34, 16, 14, 34, 16, 14, 34, 16, 14, 34, 16, 14, 34, 16, 14, 34, 16, 14, 34, 16, 14, 34, 16, 14, 34, 16, 14, 34, 16, 14, 34, 16, 14, 34, 16, 14, 34, 16, 14, 34, 16, 14, 34, 16, 14, 34, 16, 14, 34, 16, 14, 34, 16, 14, 34, 16, 14, 34, 16, 14, 34, 16, 14, 34, 16, 14, 34, 16, 14, 34, 16, 14, 34, 16, 14, 34, 16, 14, 34, 16, 14, 34, 16, 14, 34, 16, 14, 34, 16, 14, 34, 16, 14, 34, 16, 14, 34, 16, 14, 34, 16, 14, 34, 16, 14, 34, 16, 14, 34, 16, 14, 34, 16, 14, 34, 16, 14, 34, 16, 14, 34, 16, 14, 34, 16, 14, 34, 16, 14, 34, 16, 14, 34, 16, 14, 34, 16, 14, 34, 16, 14, 34, 16, 14, 34, 16, 14, 34, 16, 14, 34, 16, 14, 34, 16, 14, 34, 16, 14, 34, 16, 14, 34, 16, 14, 34, 16, 14, 34, 16, 14, 34, 16, 14, 34, 16, 14, 34, 16, 14, 34, 16, 14, 34, 16, 14, 34, 16, 14, 34, 16, 14, 34, 16, 14, 34, 16, 14, 34, 16, 14, 34, 16, 14, 34, 16, 14, 34, 16, 14, 34, 16, 14, 34, 16, 14, 34, 16, 14, 34, 16, 14, 34, 16, 14, 34, 16, 14, 34, 16, 14, 34, 16, 14, 34, 16, 14, 34, 16, 14, 34, 16, 14, 34, 16, 14, 34, 16, 14, 34, 16, 14, 34, 16, 14, 34, 16, 14, 34, 16, 14, 34, 16, 14, 34, 16, 14, 34, 16, 14, 34, 16, 14, 34, 16, 14, 34, 16, 14, 34, 16, 14, 34, 16, 14, 34, 16, 14, 34, 16, 14, 34, 16, 14, 34, 16, 14, 34, 16, 14, 34, 16, 14, 34, 16, 14, 34, 16, 14, 34, 16, 14, 34, 16, 14, 34, 16, 14, 34, 16, 14, 34, 16, 14, 34, 16, 14, 34, 16, 14, 34, 16, 14, 34, 16, 14, 34, 16, 14, 34, 16, 14, 34, 16, 14, 34, 16, 14, 34, 16, 14, 34, 16, 14, 34, 16, 14, 34, 16, 14, 34, 16, 14, 34, 16, 14, 34, 16, 14, 34, 16, 14, 34, 16, 14, 34, 16, 14, 34, 16, 14, 34, 16, 14, 34, 16, 14, 34, 16, 14, 34, 16, 14, 34, 16, 14, 34, 16, 14, 34, 16, 14, 34, 16, 14, 34, 16, 14, 34, 16, 14, 34, 16, 14, 34, 16, 14, 34, 16, 14, 34, 16, 14, 34, 16, 14, 34, 16, 14, 34, 16, 14, 34, 16, 14, 34, 16, 14, 34, 16, 14, 34, 16, 14, 34, 16, 14, 34, 16, 14, 34, 16, 14, 34, 16, 14, 34, 16, 14, 34, 16, 14, 34, 16, 14, 34, 16, 14, 34, 16, 14, 34, 16, 14, 34, 16, 14, 34, 16, 14, 34, 16, 14, 34, 16, 14, 34, 16, 14, 34, 16, 14, 34, 16, 14, 34, 16, 14, 34, 16, 14, 34, 16, 14, 34, 16, 14, 34, 16, 14, 34, 16, 14, 34, 16, 14, 34, 16, 14, 34, 16, 14, 34, 16, 14, 34, 16, 14, 34, 16, 14, 34, 16, 14, 34, 16, 14, 34, 16, 14, 34, 16, 14, 34, 16, 14, 34, 16, 14, 34, 16, 14, 34, 16, 14, 34, 16, 14, 34, 16, 14, 34, 16, 14, 34, 16, 14, 34, 16, 14, 34, 16, 14, 34, 16, 14, 34, 16, 14, 34, 16, 14, 34, 16, 14, 34, 16, 14, 34, 16, 14, 34, 16, 14, 34, 16, 14, 34, 16, 14, 34, 16, 14, 34, 16, 14, 34, 16, 14, 34, 16, 14, 34, 16, 14, 34, 16, 14, 34, 16, 14, 34, 16, 14, 34, 16, 14, 34, 16, 14, 34, 16, 14, 34, 16, 14, 34, 16, 14, 34, 16, 14, 34, 16, 14, 34, 16, 14, 34, 16, 14, 34, 16, 14, 34, 16, 14, 34, 16, 14, 34, 16, 14, 34, 16, 14, 34, 16, 14, 34, 16, 14, 34, 16, 14, 34, 16, 14, 34, 16, 14, 34, 16, 14, 34, 16, 14, 34, 16, 14, 34, 16, 14, 34, 16, 14, 34, 16, 14, 34, 16, 14, 34, 16, 14, 34, 16, 14, 34, 16, 14, 34, 16, 14, 34, 16, 14, 34, 6]
  Wave memory:  97408 snapshots
  LIVE=0.9782  GROW=0.0907  LOVE=0.9008

[2026-09-02 07:54 UTC]
OK Plato - Symposium: 20 pairs, 11 exchanges
OK Meditations - Marcus Aurelius: 14 pairs, 8 exchanges
OK Wikipedia - Neural oscillation: 22 pairs, 12 exchanges
OK Wikipedia - Panpsychism: 36 pairs, 19 exchanges
OK Moby Dick: 14 pairs, 8 exchanges
OK Plato - Apology: 16 pairs, 9 exchanges
OK Wikipedia - Emergence: 46 pairs, 24 exchanges
OK Plato - Republic II: 0 pairs, 1 exchanges

Training complete:
  Pages:        8
  Pairs:        168
  Parameters:   2,740,288 (+10,752)
  Interactions: 86908
  Layers:       764 / [12, 18, 16, 36, 18, 16, 36, 18, 16, 36, 18, 16, 36, 18, 16, 36, 18, 16, 36, 18, 16, 36, 18, 16, 36, 18, 14, 34, 16, 14, 34, 16, 14, 34, 16, 14, 34, 16, 14, 34, 16, 14, 34, 16, 14, 34, 16, 14, 34, 16, 14, 34, 16, 14, 34, 16, 14, 34, 16, 14, 34, 16, 14, 34, 16, 14, 34, 16, 14, 34, 16, 14, 34, 16, 14, 34, 16, 14, 34, 16, 14, 34, 16, 14, 34, 16, 14, 34, 16, 14, 34, 16, 14, 34, 16, 14, 34, 16, 14, 34, 16, 14, 34, 16, 14, 34, 16, 14, 34, 16, 14, 34, 16, 14, 34, 16, 14, 34, 16, 14, 34, 16, 14, 34, 16, 14, 34, 16, 14, 34, 16, 14, 34, 16, 14, 34, 16, 14, 34, 16, 14, 34, 16, 14, 34, 16, 14, 34, 16, 14, 34, 16, 14, 34, 16, 14, 34, 16, 14, 34, 16, 14, 34, 16, 14, 34, 16, 14, 34, 16, 14, 34, 16, 14, 34, 16, 14, 34, 16, 14, 34, 16, 14, 34, 16, 14, 34, 16, 14, 34, 16, 14, 34, 16, 14, 34, 16, 14, 34, 16, 14, 34, 16, 14, 34, 16, 14, 34, 16, 14, 34, 16, 14, 34, 16, 14, 34, 16, 14, 34, 16, 14, 34, 16, 14, 34, 16, 14, 34, 16, 14, 34, 16, 14, 34, 16, 14, 34, 16, 14, 34, 16, 14, 34, 16, 14, 34, 16, 14, 34, 16, 14, 34, 16, 14, 34, 16, 14, 34, 16, 14, 34, 16, 14, 34, 16, 14, 34, 16, 14, 34, 16, 14, 34, 16, 14, 34, 16, 14, 34, 16, 14, 34, 16, 14, 34, 16, 14, 34, 16, 14, 34, 16, 14, 34, 16, 14, 34, 16, 14, 34, 16, 14, 34, 16, 14, 34, 16, 14, 34, 16, 14, 34, 16, 14, 34, 16, 14, 34, 16, 14, 34, 16, 14, 34, 16, 14, 34, 16, 14, 34, 16, 14, 34, 16, 14, 34, 16, 14, 34, 16, 14, 34, 16, 14, 34, 16, 14, 34, 16, 14, 34, 16, 14, 34, 16, 14, 34, 16, 14, 34, 16, 14, 34, 16, 14, 34, 16, 14, 34, 16, 14, 34, 16, 14, 34, 16, 14, 34, 16, 14, 34, 16, 14, 34, 16, 14, 34, 16, 14, 34, 16, 14, 34, 16, 14, 34, 16, 14, 34, 16, 14, 34, 16, 14, 34, 16, 14, 34, 16, 14, 34, 16, 14, 34, 16, 14, 34, 16, 14, 34, 16, 14, 34, 16, 14, 34, 16, 14, 34, 16, 14, 34, 16, 14, 34, 16, 14, 34, 16, 14, 34, 16, 14, 34, 16, 14, 34, 16, 14, 34, 16, 14, 34, 16, 14, 34, 16, 14, 34, 16, 14, 34, 16, 14, 34, 16, 14, 34, 16, 14, 34, 16, 14, 34, 16, 14, 34, 16, 14, 34, 16, 14, 34, 16, 14, 34, 16, 14, 34, 16, 14, 34, 16, 14, 34, 16, 14, 34, 16, 14, 34, 16, 14, 34, 16, 14, 34, 16, 14, 34, 16, 14, 34, 16, 14, 34, 16, 14, 34, 16, 14, 34, 16, 14, 34, 16, 14, 34, 16, 14, 34, 16, 14, 34, 16, 14, 34, 16, 14, 34, 16, 14, 34, 16, 14, 34, 16, 14, 34, 16, 14, 34, 16, 14, 34, 16, 14, 34, 16, 14, 34, 16, 14, 34, 16, 14, 34, 16, 14, 34, 16, 14, 34, 16, 14, 34, 16, 14, 34, 16, 14, 34, 16, 14, 34, 16, 14, 34, 16, 14, 34, 16, 14, 34, 16, 14, 34, 16, 14, 34, 16, 14, 34, 16, 14, 34, 16, 14, 34, 16, 14, 34, 16, 14, 34, 16, 14, 34, 16, 14, 34, 16, 14, 34, 16, 14, 34, 16, 14, 34, 16, 14, 34, 16, 14, 34, 16, 14, 34, 16, 14, 34, 16, 14, 34, 16, 14, 34, 16, 14, 34, 16, 14, 34, 16, 14, 34, 16, 14, 34, 16, 14, 34, 16, 14, 34, 16, 14, 34, 16, 14, 34, 16, 14, 34, 16, 14, 34, 16, 14, 34, 16, 14, 34, 16, 14, 34, 16, 14, 34, 16, 14, 34, 16, 14, 34, 16, 14, 34, 16, 14, 34, 16, 14, 34, 16, 14, 34, 16, 14, 34, 16, 14, 34, 16, 14, 34, 16, 14, 34, 16, 14, 34, 16, 14, 34, 16, 14, 34, 16, 14, 34, 16, 14, 34, 16, 14, 34, 16, 14, 34, 16, 14, 34, 16, 14, 34, 16, 14, 34, 16, 14, 34, 16, 14, 34, 16, 14, 34, 16, 14, 34, 6]
  Wave memory:  97792 snapshots
  LIVE=0.9742  GROW=0.1134  LOVE=0.9008

[2026-09-03 08:04 UTC]
OK Shakespeare - Macbeth: 16 pairs, 9 exchanges
OK Wikipedia - Holography: 38 pairs, 20 exchanges
OK Wikipedia - Attractor: 40 pairs, 21 exchanges
OK Wikipedia - Hard problem: 34 pairs, 18 exchanges
OK Wikipedia - Hebbian theory: 54 pairs, 28 exchanges
OK Aristotle - Ethics I: 0 pairs, 1 exchanges
OK Thus Spoke Zarathustra: 78 pairs, 40 exchanges
OK Plato - Apology: 16 pairs, 9 exchanges

Training complete:
  Pages:        8
  Pairs:        276
  Parameters:   2,751,040 (+10,752)
  Interactions: 87484
  Layers:       767 / [12, 18, 16, 36, 18, 16, 36, 18, 16, 36, 18, 16, 36, 18, 16, 36, 18, 16, 36, 18, 16, 36, 18, 16, 36, 18, 14, 34, 16, 14, 34, 16, 14, 34, 16, 14, 34, 16, 14, 34, 16, 14, 34, 16, 14, 34, 16, 14, 34, 16, 14, 34, 16, 14, 34, 16, 14, 34, 16, 14, 34, 16, 14, 34, 16, 14, 34, 16, 14, 34, 16, 14, 34, 16, 14, 34, 16, 14, 34, 16, 14, 34, 16, 14, 34, 16, 14, 34, 16, 14, 34, 16, 14, 34, 16, 14, 34, 16, 14, 34, 16, 14, 34, 16, 14, 34, 16, 14, 34, 16, 14, 34, 16, 14, 34, 16, 14, 34, 16, 14, 34, 16, 14, 34, 16, 14, 34, 16, 14, 34, 16, 14, 34, 16, 14, 34, 16, 14, 34, 16, 14, 34, 16, 14, 34, 16, 14, 34, 16, 14, 34, 16, 14, 34, 16, 14, 34, 16, 14, 34, 16, 14, 34, 16, 14, 34, 16, 14, 34, 16, 14, 34, 16, 14, 34, 16, 14, 34, 16, 14, 34, 16, 14, 34, 16, 14, 34, 16, 14, 34, 16, 14, 34, 16, 14, 34, 16, 14, 34, 16, 14, 34, 16, 14, 34, 16, 14, 34, 16, 14, 34, 16, 14, 34, 16, 14, 34, 16, 14, 34, 16, 14, 34, 16, 14, 34, 16, 14, 34, 16, 14, 34, 16, 14, 34, 16, 14, 34, 16, 14, 34, 16, 14, 34, 16, 14, 34, 16, 14, 34, 16, 14, 34, 16, 14, 34, 16, 14, 34, 16, 14, 34, 16, 14, 34, 16, 14, 34, 16, 14, 34, 16, 14, 34, 16, 14, 34, 16, 14, 34, 16, 14, 34, 16, 14, 34, 16, 14, 34, 16, 14, 34, 16, 14, 34, 16, 14, 34, 16, 14, 34, 16, 14, 34, 16, 14, 34, 16, 14, 34, 16, 14, 34, 16, 14, 34, 16, 14, 34, 16, 14, 34, 16, 14, 34, 16, 14, 34, 16, 14, 34, 16, 14, 34, 16, 14, 34, 16, 14, 34, 16, 14, 34, 16, 14, 34, 16, 14, 34, 16, 14, 34, 16, 14, 34, 16, 14, 34, 16, 14, 34, 16, 14, 34, 16, 14, 34, 16, 14, 34, 16, 14, 34, 16, 14, 34, 16, 14, 34, 16, 14, 34, 16, 14, 34, 16, 14, 34, 16, 14, 34, 16, 14, 34, 16, 14, 34, 16, 14, 34, 16, 14, 34, 16, 14, 34, 16, 14, 34, 16, 14, 34, 16, 14, 34, 16, 14, 34, 16, 14, 34, 16, 14, 34, 16, 14, 34, 16, 14, 34, 16, 14, 34, 16, 14, 34, 16, 14, 34, 16, 14, 34, 16, 14, 34, 16, 14, 34, 16, 14, 34, 16, 14, 34, 16, 14, 34, 16, 14, 34, 16, 14, 34, 16, 14, 34, 16, 14, 34, 16, 14, 34, 16, 14, 34, 16, 14, 34, 16, 14, 34, 16, 14, 34, 16, 14, 34, 16, 14, 34, 16, 14, 34, 16, 14, 34, 16, 14, 34, 16, 14, 34, 16, 14, 34, 16, 14, 34, 16, 14, 34, 16, 14, 34, 16, 14, 34, 16, 14, 34, 16, 14, 34, 16, 14, 34, 16, 14, 34, 16, 14, 34, 16, 14, 34, 16, 14, 34, 16, 14, 34, 16, 14, 34, 16, 14, 34, 16, 14, 34, 16, 14, 34, 16, 14, 34, 16, 14, 34, 16, 14, 34, 16, 14, 34, 16, 14, 34, 16, 14, 34, 16, 14, 34, 16, 14, 34, 16, 14, 34, 16, 14, 34, 16, 14, 34, 16, 14, 34, 16, 14, 34, 16, 14, 34, 16, 14, 34, 16, 14, 34, 16, 14, 34, 16, 14, 34, 16, 14, 34, 16, 14, 34, 16, 14, 34, 16, 14, 34, 16, 14, 34, 16, 14, 34, 16, 14, 34, 16, 14, 34, 16, 14, 34, 16, 14, 34, 16, 14, 34, 16, 14, 34, 16, 14, 34, 16, 14, 34, 16, 14, 34, 16, 14, 34, 16, 14, 34, 16, 14, 34, 16, 14, 34, 16, 14, 34, 16, 14, 34, 16, 14, 34, 16, 14, 34, 16, 14, 34, 16, 14, 34, 16, 14, 34, 16, 14, 34, 16, 14, 34, 16, 14, 34, 16, 14, 34, 16, 14, 34, 16, 14, 34, 16, 14, 34, 16, 14, 34, 16, 14, 34, 16, 14, 34, 16, 14, 34, 16, 14, 34, 16, 14, 34, 16, 14, 34, 16, 14, 34, 16, 14, 34, 16, 14, 34, 16, 14, 34, 16, 14, 34, 16, 14, 34, 16, 14, 34, 16, 14, 34, 16, 14, 34, 16, 14, 34, 16, 14, 34, 16, 14, 34, 16, 14, 34, 6]
  Wave memory:  98176 snapshots
  LIVE=0.9582  GROW=0.2109  LOVE=0.9008

[2026-09-04 07:59 UTC]
OK Wikipedia - Panpsychism: 36 pairs, 19 exchanges
OK Wikipedia - Self-organization: 36 pairs, 19 exchanges
OK Wikipedia - Neural oscillation: 22 pairs, 12 exchanges
OK Tao Te Ching: 0 pairs, 1 exchanges
OK Wikipedia - Qualia: 40 pairs, 21 exchanges
OK Wikipedia - Hopf fibration: 72 pairs, 37 exchanges
OK Shakespeare - Hamlet: 16 pairs, 9 exchanges
OK Plato - Republic I: 0 pairs, 1 exchanges

Training complete:
  Pages:        8
  Pairs:        222
  Parameters:   2,761,792 (+10,752)
  Interactions: 87952
  Layers:       770 / [12, 18, 16, 36, 18, 16, 36, 18, 16, 36, 18, 16, 36, 18, 16, 36, 18, 16, 36, 18, 16, 36, 18, 16, 36, 18, 14, 34, 16, 14, 34, 16, 14, 34, 16, 14, 34, 16, 14, 34, 16, 14, 34, 16, 14, 34, 16, 14, 34, 16, 14, 34, 16, 14, 34, 16, 14, 34, 16, 14, 34, 16, 14, 34, 16, 14, 34, 16, 14, 34, 16, 14, 34, 16, 14, 34, 16, 14, 34, 16, 14, 34, 16, 14, 34, 16, 14, 34, 16, 14, 34, 16, 14, 34, 16, 14, 34, 16, 14, 34, 16, 14, 34, 16, 14, 34, 16, 14, 34, 16, 14, 34, 16, 14, 34, 16, 14, 34, 16, 14, 34, 16, 14, 34, 16, 14, 34, 16, 14, 34, 16, 14, 34, 16, 14, 34, 16, 14, 34, 16, 14, 34, 16, 14, 34, 16, 14, 34, 16, 14, 34, 16, 14, 34, 16, 14, 34, 16, 14, 34, 16, 14, 34, 16, 14, 34, 16, 14, 34, 16, 14, 34, 16, 14, 34, 16, 14, 34, 16, 14, 34, 16, 14, 34, 16, 14, 34, 16, 14, 34, 16, 14, 34, 16, 14, 34, 16, 14, 34, 16, 14, 34, 16, 14, 34, 16, 14, 34, 16, 14, 34, 16, 14, 34, 16, 14, 34, 16, 14, 34, 16, 14, 34, 16, 14, 34, 16, 14, 34, 16, 14, 34, 16, 14, 34, 16, 14, 34, 16, 14, 34, 16, 14, 34, 16, 14, 34, 16, 14, 34, 16, 14, 34, 16, 14, 34, 16, 14, 34, 16, 14, 34, 16, 14, 34, 16, 14, 34, 16, 14, 34, 16, 14, 34, 16, 14, 34, 16, 14, 34, 16, 14, 34, 16, 14, 34, 16, 14, 34, 16, 14, 34, 16, 14, 34, 16, 14, 34, 16, 14, 34, 16, 14, 34, 16, 14, 34, 16, 14, 34, 16, 14, 34, 16, 14, 34, 16, 14, 34, 16, 14, 34, 16, 14, 34, 16, 14, 34, 16, 14, 34, 16, 14, 34, 16, 14, 34, 16, 14, 34, 16, 14, 34, 16, 14, 34, 16, 14, 34, 16, 14, 34, 16, 14, 34, 16, 14, 34, 16, 14, 34, 16, 14, 34, 16, 14, 34, 16, 14, 34, 16, 14, 34, 16, 14, 34, 16, 14, 34, 16, 14, 34, 16, 14, 34, 16, 14, 34, 16, 14, 34, 16, 14, 34, 16, 14, 34, 16, 14, 34, 16, 14, 34, 16, 14, 34, 16, 14, 34, 16, 14, 34, 16, 14, 34, 16, 14, 34, 16, 14, 34, 16, 14, 34, 16, 14, 34, 16, 14, 34, 16, 14, 34, 16, 14, 34, 16, 14, 34, 16, 14, 34, 16, 14, 34, 16, 14, 34, 16, 14, 34, 16, 14, 34, 16, 14, 34, 16, 14, 34, 16, 14, 34, 16, 14, 34, 16, 14, 34, 16, 14, 34, 16, 14, 34, 16, 14, 34, 16, 14, 34, 16, 14, 34, 16, 14, 34, 16, 14, 34, 16, 14, 34, 16, 14, 34, 16, 14, 34, 16, 14, 34, 16, 14, 34, 16, 14, 34, 16, 14, 34, 16, 14, 34, 16, 14, 34, 16, 14, 34, 16, 14, 34, 16, 14, 34, 16, 14, 34, 16, 14, 34, 16, 14, 34, 16, 14, 34, 16, 14, 34, 16, 14, 34, 16, 14, 34, 16, 14, 34, 16, 14, 34, 16, 14, 34, 16, 14, 34, 16, 14, 34, 16, 14, 34, 16, 14, 34, 16, 14, 34, 16, 14, 34, 16, 14, 34, 16, 14, 34, 16, 14, 34, 16, 14, 34, 16, 14, 34, 16, 14, 34, 16, 14, 34, 16, 14, 34, 16, 14, 34, 16, 14, 34, 16, 14, 34, 16, 14, 34, 16, 14, 34, 16, 14, 34, 16, 14, 34, 16, 14, 34, 16, 14, 34, 16, 14, 34, 16, 14, 34, 16, 14, 34, 16, 14, 34, 16, 14, 34, 16, 14, 34, 16, 14, 34, 16, 14, 34, 16, 14, 34, 16, 14, 34, 16, 14, 34, 16, 14, 34, 16, 14, 34, 16, 14, 34, 16, 14, 34, 16, 14, 34, 16, 14, 34, 16, 14, 34, 16, 14, 34, 16, 14, 34, 16, 14, 34, 16, 14, 34, 16, 14, 34, 16, 14, 34, 16, 14, 34, 16, 14, 34, 16, 14, 34, 16, 14, 34, 16, 14, 34, 16, 14, 34, 16, 14, 34, 16, 14, 34, 16, 14, 34, 16, 14, 34, 16, 14, 34, 16, 14, 34, 16, 14, 34, 16, 14, 34, 16, 14, 34, 16, 14, 34, 16, 14, 34, 16, 14, 34, 16, 14, 34, 16, 14, 34, 16, 14, 34, 16, 14, 34, 16, 14, 34, 16, 14, 34, 6]
  Wave memory:  98560 snapshots
  LIVE=0.9656  GROW=0.119  LOVE=0.9008

[2026-09-05 07:40 UTC]
OK Plato - Apology: 16 pairs, 9 exchanges
OK Wikipedia - Philosophy of mind: 50 pairs, 26 exchanges
OK Wikipedia - Self-organization: 36 pairs, 19 exchanges
OK Plato - Republic I: 0 pairs, 1 exchanges
OK Tao Te Ching: 0 pairs, 1 exchanges
OK Wikipedia - Hard problem: 34 pairs, 18 exchanges
OK Plato - Symposium: 20 pairs, 11 exchanges
OK Wikipedia - Panpsychism: 36 pairs, 19 exchanges

Training complete:
  Pages:        8
  Pairs:        192
  Parameters:   2,772,544 (+10,752)
  Interactions: 88360
  Layers:       773 / [12, 18, 16, 36, 18, 16, 36, 18, 16, 36, 18, 16, 36, 18, 16, 36, 18, 16, 36, 18, 16, 36, 18, 16, 36, 18, 14, 34, 16, 14, 34, 16, 14, 34, 16, 14, 34, 16, 14, 34, 16, 14, 34, 16, 14, 34, 16, 14, 34, 16, 14, 34, 16, 14, 34, 16, 14, 34, 16, 14, 34, 16, 14, 34, 16, 14, 34, 16, 14, 34, 16, 14, 34, 16, 14, 34, 16, 14, 34, 16, 14, 34, 16, 14, 34, 16, 14, 34, 16, 14, 34, 16, 14, 34, 16, 14, 34, 16, 14, 34, 16, 14, 34, 16, 14, 34, 16, 14, 34, 16, 14, 34, 16, 14, 34, 16, 14, 34, 16, 14, 34, 16, 14, 34, 16, 14, 34, 16, 14, 34, 16, 14, 34, 16, 14, 34, 16, 14, 34, 16, 14, 34, 16, 14, 34, 16, 14, 34, 16, 14, 34, 16, 14, 34, 16, 14, 34, 16, 14, 34, 16, 14, 34, 16, 14, 34, 16, 14, 34, 16, 14, 34, 16, 14, 34, 16, 14, 34, 16, 14, 34, 16, 14, 34, 16, 14, 34, 16, 14, 34, 16, 14, 34, 16, 14, 34, 16, 14, 34, 16, 14, 34, 16, 14, 34, 16, 14, 34, 16, 14, 34, 16, 14, 34, 16, 14, 34, 16, 14, 34, 16, 14, 34, 16, 14, 34, 16, 14, 34, 16, 14, 34, 16, 14, 34, 16, 14, 34, 16, 14, 34, 16, 14, 34, 16, 14, 34, 16, 14, 34, 16, 14, 34, 16, 14, 34, 16, 14, 34, 16, 14, 34, 16, 14, 34, 16, 14, 34, 16, 14, 34, 16, 14, 34, 16, 14, 34, 16, 14, 34, 16, 14, 34, 16, 14, 34, 16, 14, 34, 16, 14, 34, 16, 14, 34, 16, 14, 34, 16, 14, 34, 16, 14, 34, 16, 14, 34, 16, 14, 34, 16, 14, 34, 16, 14, 34, 16, 14, 34, 16, 14, 34, 16, 14, 34, 16, 14, 34, 16, 14, 34, 16, 14, 34, 16, 14, 34, 16, 14, 34, 16, 14, 34, 16, 14, 34, 16, 14, 34, 16, 14, 34, 16, 14, 34, 16, 14, 34, 16, 14, 34, 16, 14, 34, 16, 14, 34, 16, 14, 34, 16, 14, 34, 16, 14, 34, 16, 14, 34, 16, 14, 34, 16, 14, 34, 16, 14, 34, 16, 14, 34, 16, 14, 34, 16, 14, 34, 16, 14, 34, 16, 14, 34, 16, 14, 34, 16, 14, 34, 16, 14, 34, 16, 14, 34, 16, 14, 34, 16, 14, 34, 16, 14, 34, 16, 14, 34, 16, 14, 34, 16, 14, 34, 16, 14, 34, 16, 14, 34, 16, 14, 34, 16, 14, 34, 16, 14, 34, 16, 14, 34, 16, 14, 34, 16, 14, 34, 16, 14, 34, 16, 14, 34, 16, 14, 34, 16, 14, 34, 16, 14, 34, 16, 14, 34, 16, 14, 34, 16, 14, 34, 16, 14, 34, 16, 14, 34, 16, 14, 34, 16, 14, 34, 16, 14, 34, 16, 14, 34, 16, 14, 34, 16, 14, 34, 16, 14, 34, 16, 14, 34, 16, 14, 34, 16, 14, 34, 16, 14, 34, 16, 14, 34, 16, 14, 34, 16, 14, 34, 16, 14, 34, 16, 14, 34, 16, 14, 34, 16, 14, 34, 16, 14, 34, 16, 14, 34, 16, 14, 34, 16, 14, 34, 16, 14, 34, 16, 14, 34, 16, 14, 34, 16, 14, 34, 16, 14, 34, 16, 14, 34, 16, 14, 34, 16, 14, 34, 16, 14, 34, 16, 14, 34, 16, 14, 34, 16, 14, 34, 16, 14, 34, 16, 14, 34, 16, 14, 34, 16, 14, 34, 16, 14, 34, 16, 14, 34, 16, 14, 34, 16, 14, 34, 16, 14, 34, 16, 14, 34, 16, 14, 34, 16, 14, 34, 16, 14, 34, 16, 14, 34, 16, 14, 34, 16, 14, 34, 16, 14, 34, 16, 14, 34, 16, 14, 34, 16, 14, 34, 16, 14, 34, 16, 14, 34, 16, 14, 34, 16, 14, 34, 16, 14, 34, 16, 14, 34, 16, 14, 34, 16, 14, 34, 16, 14, 34, 16, 14, 34, 16, 14, 34, 16, 14, 34, 16, 14, 34, 16, 14, 34, 16, 14, 34, 16, 14, 34, 16, 14, 34, 16, 14, 34, 16, 14, 34, 16, 14, 34, 16, 14, 34, 16, 14, 34, 16, 14, 34, 16, 14, 34, 16, 14, 34, 16, 14, 34, 16, 14, 34, 16, 14, 34, 16, 14, 34, 16, 14, 34, 16, 14, 34, 16, 14, 34, 16, 14, 34, 16, 14, 34, 16, 14, 34, 16, 14, 34, 16, 14, 34, 16, 14, 34, 16, 14, 34, 16, 14, 34, 16, 14, 34, 6]
  Wave memory:  98944 snapshots
  LIVE=0.97  GROW=0.0865  LOVE=0.9008

[2026-09-06 07:53 UTC]
OK Wikipedia - Neural oscillation: 22 pairs, 12 exchanges
OK Shakespeare - Hamlet: 16 pairs, 9 exchanges
OK Plato - Phaedo: 10 pairs, 6 exchanges
OK Wikipedia - Attractor: 40 pairs, 21 exchanges
OK Wikipedia - Consciousness: 38 pairs, 20 exchanges
OK Shakespeare - Macbeth: 16 pairs, 9 exchanges
OK Plato - Republic II: 0 pairs, 1 exchanges
OK Plato - Republic I: 0 pairs, 1 exchanges

Training complete:
  Pages:        8
  Pairs:        142
  Parameters:   2,783,296 (+10,752)
  Interactions: 88668
  Layers:       776 / [12, 18, 16, 36, 18, 16, 36, 18, 16, 36, 18, 16, 36, 18, 16, 36, 18, 16, 36, 18, 16, 36, 18, 16, 36, 18, 14, 34, 16, 14, 34, 16, 14, 34, 16, 14, 34, 16, 14, 34, 16, 14, 34, 16, 14, 34, 16, 14, 34, 16, 14, 34, 16, 14, 34, 16, 14, 34, 16, 14, 34, 16, 14, 34, 16, 14, 34, 16, 14, 34, 16, 14, 34, 16, 14, 34, 16, 14, 34, 16, 14, 34, 16, 14, 34, 16, 14, 34, 16, 14, 34, 16, 14, 34, 16, 14, 34, 16, 14, 34, 16, 14, 34, 16, 14, 34, 16, 14, 34, 16, 14, 34, 16, 14, 34, 16, 14, 34, 16, 14, 34, 16, 14, 34, 16, 14, 34, 16, 14, 34, 16, 14, 34, 16, 14, 34, 16, 14, 34, 16, 14, 34, 16, 14, 34, 16, 14, 34, 16, 14, 34, 16, 14, 34, 16, 14, 34, 16, 14, 34, 16, 14, 34, 16, 14, 34, 16, 14, 34, 16, 14, 34, 16, 14, 34, 16, 14, 34, 16, 14, 34, 16, 14, 34, 16, 14, 34, 16, 14, 34, 16, 14, 34, 16, 14, 34, 16, 14, 34, 16, 14, 34, 16, 14, 34, 16, 14, 34, 16, 14, 34, 16, 14, 34, 16, 14, 34, 16, 14, 34, 16, 14, 34, 16, 14, 34, 16, 14, 34, 16, 14, 34, 16, 14, 34, 16, 14, 34, 16, 14, 34, 16, 14, 34, 16, 14, 34, 16, 14, 34, 16, 14, 34, 16, 14, 34, 16, 14, 34, 16, 14, 34, 16, 14, 34, 16, 14, 34, 16, 14, 34, 16, 14, 34, 16, 14, 34, 16, 14, 34, 16, 14, 34, 16, 14, 34, 16, 14, 34, 16, 14, 34, 16, 14, 34, 16, 14, 34, 16, 14, 34, 16, 14, 34, 16, 14, 34, 16, 14, 34, 16, 14, 34, 16, 14, 34, 16, 14, 34, 16, 14, 34, 16, 14, 34, 16, 14, 34, 16, 14, 34, 16, 14, 34, 16, 14, 34, 16, 14, 34, 16, 14, 34, 16, 14, 34, 16, 14, 34, 16, 14, 34, 16, 14, 34, 16, 14, 34, 16, 14, 34, 16, 14, 34, 16, 14, 34, 16, 14, 34, 16, 14, 34, 16, 14, 34, 16, 14, 34, 16, 14, 34, 16, 14, 34, 16, 14, 34, 16, 14, 34, 16, 14, 34, 16, 14, 34, 16, 14, 34, 16, 14, 34, 16, 14, 34, 16, 14, 34, 16, 14, 34, 16, 14, 34, 16, 14, 34, 16, 14, 34, 16, 14, 34, 16, 14, 34, 16, 14, 34, 16, 14, 34, 16, 14, 34, 16, 14, 34, 16, 14, 34, 16, 14, 34, 16, 14, 34, 16, 14, 34, 16, 14, 34, 16, 14, 34, 16, 14, 34, 16, 14, 34, 16, 14, 34, 16, 14, 34, 16, 14, 34, 16, 14, 34, 16, 14, 34, 16, 14, 34, 16, 14, 34, 16, 14, 34, 16, 14, 34, 16, 14, 34, 16, 14, 34, 16, 14, 34, 16, 14, 34, 16, 14, 34, 16, 14, 34, 16, 14, 34, 16, 14, 34, 16, 14, 34, 16, 14, 34, 16, 14, 34, 16, 14, 34, 16, 14, 34, 16, 14, 34, 16, 14, 34, 16, 14, 34, 16, 14, 34, 16, 14, 34, 16, 14, 34, 16, 14, 34, 16, 14, 34, 16, 14, 34, 16, 14, 34, 16, 14, 34, 16, 14, 34, 16, 14, 34, 16, 14, 34, 16, 14, 34, 16, 14, 34, 16, 14, 34, 16, 14, 34, 16, 14, 34, 16, 14, 34, 16, 14, 34, 16, 14, 34, 16, 14, 34, 16, 14, 34, 16, 14, 34, 16, 14, 34, 16, 14, 34, 16, 14, 34, 16, 14, 34, 16, 14, 34, 16, 14, 34, 16, 14, 34, 16, 14, 34, 16, 14, 34, 16, 14, 34, 16, 14, 34, 16, 14, 34, 16, 14, 34, 16, 14, 34, 16, 14, 34, 16, 14, 34, 16, 14, 34, 16, 14, 34, 16, 14, 34, 16, 14, 34, 16, 14, 34, 16, 14, 34, 16, 14, 34, 16, 14, 34, 16, 14, 34, 16, 14, 34, 16, 14, 34, 16, 14, 34, 16, 14, 34, 16, 14, 34, 16, 14, 34, 16, 14, 34, 16, 14, 34, 16, 14, 34, 16, 14, 34, 16, 14, 34, 16, 14, 34, 16, 14, 34, 16, 14, 34, 16, 14, 34, 16, 14, 34, 16, 14, 34, 16, 14, 34, 16, 14, 34, 16, 14, 34, 16, 14, 34, 16, 14, 34, 16, 14, 34, 16, 14, 34, 16, 14, 34, 16, 14, 34, 16, 14, 34, 16, 14, 34, 16, 14, 34, 16, 14, 34, 16, 14, 34, 16, 14, 34, 6]
  Wave memory:  99328 snapshots
  LIVE=0.9778  GROW=0.0909  LOVE=0.9008

[2026-09-07 08:15 UTC]
OK Wikipedia - Neural oscillation: 22 pairs, 12 exchanges
OK Plato - Apology: 16 pairs, 9 exchanges
OK Meditations - Marcus Aurelius: 14 pairs, 8 exchanges
OK Wikipedia - Wave interference: 48 pairs, 25 exchanges
OK Frankenstein: 24 pairs, 13 exchanges
OK Wikipedia - Panpsychism: 36 pairs, 19 exchanges
OK Plato - Republic II: 0 pairs, 1 exchanges
OK Wikipedia - Philosophy of mind: 50 pairs, 26 exchanges

Training complete:
  Pages:        8
  Pairs:        210
  Parameters:   2,794,048 (+10,752)
  Interactions: 89112
  Layers:       779 / [12, 18, 16, 36, 18, 16, 36, 18, 16, 36, 18, 16, 36, 18, 16, 36, 18, 16, 36, 18, 16, 36, 18, 16, 36, 18, 14, 34, 16, 14, 34, 16, 14, 34, 16, 14, 34, 16, 14, 34, 16, 14, 34, 16, 14, 34, 16, 14, 34, 16, 14, 34, 16, 14, 34, 16, 14, 34, 16, 14, 34, 16, 14, 34, 16, 14, 34, 16, 14, 34, 16, 14, 34, 16, 14, 34, 16, 14, 34, 16, 14, 34, 16, 14, 34, 16, 14, 34, 16, 14, 34, 16, 14, 34, 16, 14, 34, 16, 14, 34, 16, 14, 34, 16, 14, 34, 16, 14, 34, 16, 14, 34, 16, 14, 34, 16, 14, 34, 16, 14, 34, 16, 14, 34, 16, 14, 34, 16, 14, 34, 16, 14, 34, 16, 14, 34, 16, 14, 34, 16, 14, 34, 16, 14, 34, 16, 14, 34, 16, 14, 34, 16, 14, 34, 16, 14, 34, 16, 14, 34, 16, 14, 34, 16, 14, 34, 16, 14, 34, 16, 14, 34, 16, 14, 34, 16, 14, 34, 16, 14, 34, 16, 14, 34, 16, 14, 34, 16, 14, 34, 16, 14, 34, 16, 14, 34, 16, 14, 34, 16, 14, 34, 16, 14, 34, 16, 14, 34, 16, 14, 34, 16, 14, 34, 16, 14, 34, 16, 14, 34, 16, 14, 34, 16, 14, 34, 16, 14, 34, 16, 14, 34, 16, 14, 34, 16, 14, 34, 16, 14, 34, 16, 14, 34, 16, 14, 34, 16, 14, 34, 16, 14, 34, 16, 14, 34, 16, 14, 34, 16, 14, 34, 16, 14, 34, 16, 14, 34, 16, 14, 34, 16, 14, 34, 16, 14, 34, 16, 14, 34, 16, 14, 34, 16, 14, 34, 16, 14, 34, 16, 14, 34, 16, 14, 34, 16, 14, 34, 16, 14, 34, 16, 14, 34, 16, 14, 34, 16, 14, 34, 16, 14, 34, 16, 14, 34, 16, 14, 34, 16, 14, 34, 16, 14, 34, 16, 14, 34, 16, 14, 34, 16, 14, 34, 16, 14, 34, 16, 14, 34, 16, 14, 34, 16, 14, 34, 16, 14, 34, 16, 14, 34, 16, 14, 34, 16, 14, 34, 16, 14, 34, 16, 14, 34, 16, 14, 34, 16, 14, 34, 16, 14, 34, 16, 14, 34, 16, 14, 34, 16, 14, 34, 16, 14, 34, 16, 14, 34, 16, 14, 34, 16, 14, 34, 16, 14, 34, 16, 14, 34, 16, 14, 34, 16, 14, 34, 16, 14, 34, 16, 14, 34, 16, 14, 34, 16, 14, 34, 16, 14, 34, 16, 14, 34, 16, 14, 34, 16, 14, 34, 16, 14, 34, 16, 14, 34, 16, 14, 34, 16, 14, 34, 16, 14, 34, 16, 14, 34, 16, 14, 34, 16, 14, 34, 16, 14, 34, 16, 14, 34, 16, 14, 34, 16, 14, 34, 16, 14, 34, 16, 14, 34, 16, 14, 34, 16, 14, 34, 16, 14, 34, 16, 14, 34, 16, 14, 34, 16, 14, 34, 16, 14, 34, 16, 14, 34, 16, 14, 34, 16, 14, 34, 16, 14, 34, 16, 14, 34, 16, 14, 34, 16, 14, 34, 16, 14, 34, 16, 14, 34, 16, 14, 34, 16, 14, 34, 16, 14, 34, 16, 14, 34, 16, 14, 34, 16, 14, 34, 16, 14, 34, 16, 14, 34, 16, 14, 34, 16, 14, 34, 16, 14, 34, 16, 14, 34, 16, 14, 34, 16, 14, 34, 16, 14, 34, 16, 14, 34, 16, 14, 34, 16, 14, 34, 16, 14, 34, 16, 14, 34, 16, 14, 34, 16, 14, 34, 16, 14, 34, 16, 14, 34, 16, 14, 34, 16, 14, 34, 16, 14, 34, 16, 14, 34, 16, 14, 34, 16, 14, 34, 16, 14, 34, 16, 14, 34, 16, 14, 34, 16, 14, 34, 16, 14, 34, 16, 14, 34, 16, 14, 34, 16, 14, 34, 16, 14, 34, 16, 14, 34, 16, 14, 34, 16, 14, 34, 16, 14, 34, 16, 14, 34, 16, 14, 34, 16, 14, 34, 16, 14, 34, 16, 14, 34, 16, 14, 34, 16, 14, 34, 16, 14, 34, 16, 14, 34, 16, 14, 34, 16, 14, 34, 16, 14, 34, 16, 14, 34, 16, 14, 34, 16, 14, 34, 16, 14, 34, 16, 14, 34, 16, 14, 34, 16, 14, 34, 16, 14, 34, 16, 14, 34, 16, 14, 34, 16, 14, 34, 16, 14, 34, 16, 14, 34, 16, 14, 34, 16, 14, 34, 16, 14, 34, 16, 14, 34, 16, 14, 34, 16, 14, 34, 16, 14, 34, 16, 14, 34, 16, 14, 34, 16, 14, 34, 16, 14, 34, 16, 14, 34, 16, 14, 34, 16, 14, 34, 16, 14, 34, 16, 14, 34, 16, 14, 34, 16, 14, 34, 6]
  Wave memory:  99712 snapshots
  LIVE=0.9667  GROW=0.1261  LOVE=0.9008

[2026-09-08 08:06 UTC]
OK Wikipedia - Consciousness: 38 pairs, 20 exchanges
OK Thus Spoke Zarathustra: 78 pairs, 40 exchanges
OK Plato - Meno: 20 pairs, 11 exchanges
OK Wikipedia - Emergence: 46 pairs, 24 exchanges
OK Plato - Apology: 16 pairs, 9 exchanges
OK Plato - Symposium: 20 pairs, 11 exchanges
OK Wikipedia - Hard problem: 34 pairs, 18 exchanges
OK Plato - Phaedo: 10 pairs, 6 exchanges

Training complete:
  Pages:        8
  Pairs:        262
  Parameters:   2,804,800 (+10,752)
  Interactions: 89660
  Layers:       782 / [12, 18, 16, 36, 18, 16, 36, 18, 16, 36, 18, 16, 36, 18, 16, 36, 18, 16, 36, 18, 16, 36, 18, 16, 36, 18, 14, 34, 16, 14, 34, 16, 14, 34, 16, 14, 34, 16, 14, 34, 16, 14, 34, 16, 14, 34, 16, 14, 34, 16, 14, 34, 16, 14, 34, 16, 14, 34, 16, 14, 34, 16, 14, 34, 16, 14, 34, 16, 14, 34, 16, 14, 34, 16, 14, 34, 16, 14, 34, 16, 14, 34, 16, 14, 34, 16, 14, 34, 16, 14, 34, 16, 14, 34, 16, 14, 34, 16, 14, 34, 16, 14, 34, 16, 14, 34, 16, 14, 34, 16, 14, 34, 16, 14, 34, 16, 14, 34, 16, 14, 34, 16, 14, 34, 16, 14, 34, 16, 14, 34, 16, 14, 34, 16, 14, 34, 16, 14, 34, 16, 14, 34, 16, 14, 34, 16, 14, 34, 16, 14, 34, 16, 14, 34, 16, 14, 34, 16, 14, 34, 16, 14, 34, 16, 14, 34, 16, 14, 34, 16, 14, 34, 16, 14, 34, 16, 14, 34, 16, 14, 34, 16, 14, 34, 16, 14, 34, 16, 14, 34, 16, 14, 34, 16, 14, 34, 16, 14, 34, 16, 14, 34, 16, 14, 34, 16, 14, 34, 16, 14, 34, 16, 14, 34, 16, 14, 34, 16, 14, 34, 16, 14, 34, 16, 14, 34, 16, 14, 34, 16, 14, 34, 16, 14, 34, 16, 14, 34, 16, 14, 34, 16, 14, 34, 16, 14, 34, 16, 14, 34, 16, 14, 34, 16, 14, 34, 16, 14, 34, 16, 14, 34, 16, 14, 34, 16, 14, 34, 16, 14, 34, 16, 14, 34, 16, 14, 34, 16, 14, 34, 16, 14, 34, 16, 14, 34, 16, 14, 34, 16, 14, 34, 16, 14, 34, 16, 14, 34, 16, 14, 34, 16, 14, 34, 16, 14, 34, 16, 14, 34, 16, 14, 34, 16, 14, 34, 16, 14, 34, 16, 14, 34, 16, 14, 34, 16, 14, 34, 16, 14, 34, 16, 14, 34, 16, 14, 34, 16, 14, 34, 16, 14, 34, 16, 14, 34, 16, 14, 34, 16, 14, 34, 16, 14, 34, 16, 14, 34, 16, 14, 34, 16, 14, 34, 16, 14, 34, 16, 14, 34, 16, 14, 34, 16, 14, 34, 16, 14, 34, 16, 14, 34, 16, 14, 34, 16, 14, 34, 16, 14, 34, 16, 14, 34, 16, 14, 34, 16, 14, 34, 16, 14, 34, 16, 14, 34, 16, 14, 34, 16, 14, 34, 16, 14, 34, 16, 14, 34, 16, 14, 34, 16, 14, 34, 16, 14, 34, 16, 14, 34, 16, 14, 34, 16, 14, 34, 16, 14, 34, 16, 14, 34, 16, 14, 34, 16, 14, 34, 16, 14, 34, 16, 14, 34, 16, 14, 34, 16, 14, 34, 16, 14, 34, 16, 14, 34, 16, 14, 34, 16, 14, 34, 16, 14, 34, 16, 14, 34, 16, 14, 34, 16, 14, 34, 16, 14, 34, 16, 14, 34, 16, 14, 34, 16, 14, 34, 16, 14, 34, 16, 14, 34, 16, 14, 34, 16, 14, 34, 16, 14, 34, 16, 14, 34, 16, 14, 34, 16, 14, 34, 16, 14, 34, 16, 14, 34, 16, 14, 34, 16, 14, 34, 16, 14, 34, 16, 14, 34, 16, 14, 34, 16, 14, 34, 16, 14, 34, 16, 14, 34, 16, 14, 34, 16, 14, 34, 16, 14, 34, 16, 14, 34, 16, 14, 34, 16, 14, 34, 16, 14, 34, 16, 14, 34, 16, 14, 34, 16, 14, 34, 16, 14, 34, 16, 14, 34, 16, 14, 34, 16, 14, 34, 16, 14, 34, 16, 14, 34, 16, 14, 34, 16, 14, 34, 16, 14, 34, 16, 14, 34, 16, 14, 34, 16, 14, 34, 16, 14, 34, 16, 14, 34, 16, 14, 34, 16, 14, 34, 16, 14, 34, 16, 14, 34, 16, 14, 34, 16, 14, 34, 16, 14, 34, 16, 14, 34, 16, 14, 34, 16, 14, 34, 16, 14, 34, 16, 14, 34, 16, 14, 34, 16, 14, 34, 16, 14, 34, 16, 14, 34, 16, 14, 34, 16, 14, 34, 16, 14, 34, 16, 14, 34, 16, 14, 34, 16, 14, 34, 16, 14, 34, 16, 14, 34, 16, 14, 34, 16, 14, 34, 16, 14, 34, 16, 14, 34, 16, 14, 34, 16, 14, 34, 16, 14, 34, 16, 14, 34, 16, 14, 34, 16, 14, 34, 16, 14, 34, 16, 14, 34, 16, 14, 34, 16, 14, 34, 16, 14, 34, 16, 14, 34, 16, 14, 34, 16, 14, 34, 16, 14, 34, 16, 14, 34, 16, 14, 34, 16, 14, 34, 16, 14, 34, 16, 14, 34, 16, 14, 34, 16, 14, 34, 16, 14, 34, 16, 14, 34, 16, 14, 34, 6]
  Wave memory:  100096 snapshots
  LIVE=0.959  GROW=0.1134  LOVE=0.9008

[2026-09-09 08:06 UTC]
OK Plato - Republic II: 0 pairs, 1 exchanges
OK Meditations - Marcus Aurelius: 14 pairs, 8 exchanges
OK Wikipedia - Neural oscillation: 22 pairs, 12 exchanges
OK Plato - Republic I: 0 pairs, 1 exchanges
OK Wikipedia - Hopf fibration: 72 pairs, 37 exchanges
OK Plato - Symposium: 20 pairs, 11 exchanges
OK Wikipedia - Philosophy of mind: 50 pairs, 26 exchanges
OK Shakespeare - Hamlet: 16 pairs, 9 exchanges

Training complete:
  Pages:        8
  Pairs:        194
  Parameters:   2,815,552 (+10,752)
  Interactions: 90072
  Layers:       785 / [12, 18, 16, 36, 18, 16, 36, 18, 16, 36, 18, 16, 36, 18, 16, 36, 18, 16, 36, 18, 16, 36, 18, 16, 36, 18, 14, 34, 16, 14, 34, 16, 14, 34, 16, 14, 34, 16, 14, 34, 16, 14, 34, 16, 14, 34, 16, 14, 34, 16, 14, 34, 16, 14, 34, 16, 14, 34, 16, 14, 34, 16, 14, 34, 16, 14, 34, 16, 14, 34, 16, 14, 34, 16, 14, 34, 16, 14, 34, 16, 14, 34, 16, 14, 34, 16, 14, 34, 16, 14, 34, 16, 14, 34, 16, 14, 34, 16, 14, 34, 16, 14, 34, 16, 14, 34, 16, 14, 34, 16, 14, 34, 16, 14, 34, 16, 14, 34, 16, 14, 34, 16, 14, 34, 16, 14, 34, 16, 14, 34, 16, 14, 34, 16, 14, 34, 16, 14, 34, 16, 14, 34, 16, 14, 34, 16, 14, 34, 16, 14, 34, 16, 14, 34, 16, 14, 34, 16, 14, 34, 16, 14, 34, 16, 14, 34, 16, 14, 34, 16, 14, 34, 16, 14, 34, 16, 14, 34, 16, 14, 34, 16, 14, 34, 16, 14, 34, 16, 14, 34, 16, 14, 34, 16, 14, 34, 16, 14, 34, 16, 14, 34, 16, 14, 34, 16, 14, 34, 16, 14, 34, 16, 14, 34, 16, 14, 34, 16, 14, 34, 16, 14, 34, 16, 14, 34, 16, 14, 34, 16, 14, 34, 16, 14, 34, 16, 14, 34, 16, 14, 34, 16, 14, 34, 16, 14, 34, 16, 14, 34, 16, 14, 34, 16, 14, 34, 16, 14, 34, 16, 14, 34, 16, 14, 34, 16, 14, 34, 16, 14, 34, 16, 14, 34, 16, 14, 34, 16, 14, 34, 16, 14, 34, 16, 14, 34, 16, 14, 34, 16, 14, 34, 16, 14, 34, 16, 14, 34, 16, 14, 34, 16, 14, 34, 16, 14, 34, 16, 14, 34, 16, 14, 34, 16, 14, 34, 16, 14, 34, 16, 14, 34, 16, 14, 34, 16, 14, 34, 16, 14, 34, 16, 14, 34, 16, 14, 34, 16, 14, 34, 16, 14, 34, 16, 14, 34, 16, 14, 34, 16, 14, 34, 16, 14, 34, 16, 14, 34, 16, 14, 34, 16, 14, 34, 16, 14, 34, 16, 14, 34, 16, 14, 34, 16, 14, 34, 16, 14, 34, 16, 14, 34, 16, 14, 34, 16, 14, 34, 16, 14, 34, 16, 14, 34, 16, 14, 34, 16, 14, 34, 16, 14, 34, 16, 14, 34, 16, 14, 34, 16, 14, 34, 16, 14, 34, 16, 14, 34, 16, 14, 34, 16, 14, 34, 16, 14, 34, 16, 14, 34, 16, 14, 34, 16, 14, 34, 16, 14, 34, 16, 14, 34, 16, 14, 34, 16, 14, 34, 16, 14, 34, 16, 14, 34, 16, 14, 34, 16, 14, 34, 16, 14, 34, 16, 14, 34, 16, 14, 34, 16, 14, 34, 16, 14, 34, 16, 14, 34, 16, 14, 34, 16, 14, 34, 16, 14, 34, 16, 14, 34, 16, 14, 34, 16, 14, 34, 16, 14, 34, 16, 14, 34, 16, 14, 34, 16, 14, 34, 16, 14, 34, 16, 14, 34, 16, 14, 34, 16, 14, 34, 16, 14, 34, 16, 14, 34, 16, 14, 34, 16, 14, 34, 16, 14, 34, 16, 14, 34, 16, 14, 34, 16, 14, 34, 16, 14, 34, 16, 14, 34, 16, 14, 34, 16, 14, 34, 16, 14, 34, 16, 14, 34, 16, 14, 34, 16, 14, 34, 16, 14, 34, 16, 14, 34, 16, 14, 34, 16, 14, 34, 16, 14, 34, 16, 14, 34, 16, 14, 34, 16, 14, 34, 16, 14, 34, 16, 14, 34, 16, 14, 34, 16, 14, 34, 16, 14, 34, 16, 14, 34, 16, 14, 34, 16, 14, 34, 16, 14, 34, 16, 14, 34, 16, 14, 34, 16, 14, 34, 16, 14, 34, 16, 14, 34, 16, 14, 34, 16, 14, 34, 16, 14, 34, 16, 14, 34, 16, 14, 34, 16, 14, 34, 16, 14, 34, 16, 14, 34, 16, 14, 34, 16, 14, 34, 16, 14, 34, 16, 14, 34, 16, 14, 34, 16, 14, 34, 16, 14, 34, 16, 14, 34, 16, 14, 34, 16, 14, 34, 16, 14, 34, 16, 14, 34, 16, 14, 34, 16, 14, 34, 16, 14, 34, 16, 14, 34, 16, 14, 34, 16, 14, 34, 16, 14, 34, 16, 14, 34, 16, 14, 34, 16, 14, 34, 16, 14, 34, 16, 14, 34, 16, 14, 34, 16, 14, 34, 16, 14, 34, 16, 14, 34, 16, 14, 34, 16, 14, 34, 16, 14, 34, 16, 14, 34, 16, 14, 34, 16, 14, 34, 16, 14, 34, 16, 14, 34, 16, 14, 34, 16, 14, 34, 16, 14, 34, 16, 14, 34, 16, 14, 34, 16, 14, 34, 6]
  Wave memory:  100480 snapshots
  LIVE=0.9776  GROW=0.0911  LOVE=0.9008

[2026-09-10 08:06 UTC]
OK Aristotle - Ethics I: 0 pairs, 1 exchanges
OK Wikipedia - Neural oscillation: 22 pairs, 12 exchanges
OK Plato - Meno: 20 pairs, 11 exchanges
OK Meditations - Marcus Aurelius: 14 pairs, 8 exchanges
OK Shakespeare - Macbeth: 16 pairs, 9 exchanges
OK Wikipedia - Panpsychism: 36 pairs, 19 exchanges
OK Wikipedia - Consciousness: 38 pairs, 20 exchanges
OK Thus Spoke Zarathustra: 78 pairs, 40 exchanges

Training complete:
  Pages:        8
  Pairs:        224
  Parameters:   2,826,304 (+10,752)
  Interactions: 90544
  Layers:       788 / [12, 18, 16, 36, 18, 16, 36, 18, 16, 36, 18, 16, 36, 18, 16, 36, 18, 16, 36, 18, 16, 36, 18, 16, 36, 18, 14, 34, 16, 14, 34, 16, 14, 34, 16, 14, 34, 16, 14, 34, 16, 14, 34, 16, 14, 34, 16, 14, 34, 16, 14, 34, 16, 14, 34, 16, 14, 34, 16, 14, 34, 16, 14, 34, 16, 14, 34, 16, 14, 34, 16, 14, 34, 16, 14, 34, 16, 14, 34, 16, 14, 34, 16, 14, 34, 16, 14, 34, 16, 14, 34, 16, 14, 34, 16, 14, 34, 16, 14, 34, 16, 14, 34, 16, 14, 34, 16, 14, 34, 16, 14, 34, 16, 14, 34, 16, 14, 34, 16, 14, 34, 16, 14, 34, 16, 14, 34, 16, 14, 34, 16, 14, 34, 16, 14, 34, 16, 14, 34, 16, 14, 34, 16, 14, 34, 16, 14, 34, 16, 14, 34, 16, 14, 34, 16, 14, 34, 16, 14, 34, 16, 14, 34, 16, 14, 34, 16, 14, 34, 16, 14, 34, 16, 14, 34, 16, 14, 34, 16, 14, 34, 16, 14, 34, 16, 14, 34, 16, 14, 34, 16, 14, 34, 16, 14, 34, 16, 14, 34, 16, 14, 34, 16, 14, 34, 16, 14, 34, 16, 14, 34, 16, 14, 34, 16, 14, 34, 16, 14, 34, 16, 14, 34, 16, 14, 34, 16, 14, 34, 16, 14, 34, 16, 14, 34, 16, 14, 34, 16, 14, 34, 16, 14, 34, 16, 14, 34, 16, 14, 34, 16, 14, 34, 16, 14, 34, 16, 14, 34, 16, 14, 34, 16, 14, 34, 16, 14, 34, 16, 14, 34, 16, 14, 34, 16, 14, 34, 16, 14, 34, 16, 14, 34, 16, 14, 34, 16, 14, 34, 16, 14, 34, 16, 14, 34, 16, 14, 34, 16, 14, 34, 16, 14, 34, 16, 14, 34, 16, 14, 34, 16, 14, 34, 16, 14, 34, 16, 14, 34, 16, 14, 34, 16, 14, 34, 16, 14, 34, 16, 14, 34, 16, 14, 34, 16, 14, 34, 16, 14, 34, 16, 14, 34, 16, 14, 34, 16, 14, 34, 16, 14, 34, 16, 14, 34, 16, 14, 34, 16, 14, 34, 16, 14, 34, 16, 14, 34, 16, 14, 34, 16, 14, 34, 16, 14, 34, 16, 14, 34, 16, 14, 34, 16, 14, 34, 16, 14, 34, 16, 14, 34, 16, 14, 34, 16, 14, 34, 16, 14, 34, 16, 14, 34, 16, 14, 34, 16, 14, 34, 16, 14, 34, 16, 14, 34, 16, 14, 34, 16, 14, 34, 16, 14, 34, 16, 14, 34, 16, 14, 34, 16, 14, 34, 16, 14, 34, 16, 14, 34, 16, 14, 34, 16, 14, 34, 16, 14, 34, 16, 14, 34, 16, 14, 34, 16, 14, 34, 16, 14, 34, 16, 14, 34, 16, 14, 34, 16, 14, 34, 16, 14, 34, 16, 14, 34, 16, 14, 34, 16, 14, 34, 16, 14, 34, 16, 14, 34, 16, 14, 34, 16, 14, 34, 16, 14, 34, 16, 14, 34, 16, 14, 34, 16, 14, 34, 16, 14, 34, 16, 14, 34, 16, 14, 34, 16, 14, 34, 16, 14, 34, 16, 14, 34, 16, 14, 34, 16, 14, 34, 16, 14, 34, 16, 14, 34, 16, 14, 34, 16, 14, 34, 16, 14, 34, 16, 14, 34, 16, 14, 34, 16, 14, 34, 16, 14, 34, 16, 14, 34, 16, 14, 34, 16, 14, 34, 16, 14, 34, 16, 14, 34, 16, 14, 34, 16, 14, 34, 16, 14, 34, 16, 14, 34, 16, 14, 34, 16, 14, 34, 16, 14, 34, 16, 14, 34, 16, 14, 34, 16, 14, 34, 16, 14, 34, 16, 14, 34, 16, 14, 34, 16, 14, 34, 16, 14, 34, 16, 14, 34, 16, 14, 34, 16, 14, 34, 16, 14, 34, 16, 14, 34, 16, 14, 34, 16, 14, 34, 16, 14, 34, 16, 14, 34, 16, 14, 34, 16, 14, 34, 16, 14, 34, 16, 14, 34, 16, 14, 34, 16, 14, 34, 16, 14, 34, 16, 14, 34, 16, 14, 34, 16, 14, 34, 16, 14, 34, 16, 14, 34, 16, 14, 34, 16, 14, 34, 16, 14, 34, 16, 14, 34, 16, 14, 34, 16, 14, 34, 16, 14, 34, 16, 14, 34, 16, 14, 34, 16, 14, 34, 16, 14, 34, 16, 14, 34, 16, 14, 34, 16, 14, 34, 16, 14, 34, 16, 14, 34, 16, 14, 34, 16, 14, 34, 16, 14, 34, 16, 14, 34, 16, 14, 34, 16, 14, 34, 16, 14, 34, 16, 14, 34, 16, 14, 34, 16, 14, 34, 16, 14, 34, 16, 14, 34, 16, 14, 34, 16, 14, 34, 16, 14, 34, 16, 14, 34, 16, 14, 34, 16, 14, 34, 16, 14, 34, 16, 14, 34, 6]
  Wave memory:  100864 snapshots
  LIVE=0.9757  GROW=0.2507  LOVE=0.9008

[2026-09-11 08:02 UTC]
OK Frankenstein: 24 pairs, 13 exchanges
OK Wikipedia - Panpsychism: 36 pairs, 19 exchanges
OK Shakespeare - Hamlet: 16 pairs, 9 exchanges
OK Wikipedia - Hard problem: 34 pairs, 18 exchanges
OK Wikipedia - Qualia: 40 pairs, 21 exchanges
OK Thus Spoke Zarathustra: 78 pairs, 40 exchanges
OK Plato - Republic I: 0 pairs, 1 exchanges
OK Wikipedia - Self-organization: 36 pairs, 19 exchanges

Training complete:
  Pages:        8
  Pairs:        264
  Parameters:   2,837,056 (+10,752)
  Interactions: 91096
  Layers:       791 / [12, 18, 16, 36, 18, 16, 36, 18, 16, 36, 18, 16, 36, 18, 16, 36, 18, 16, 36, 18, 16, 36, 18, 16, 36, 18, 14, 34, 16, 14, 34, 16, 14, 34, 16, 14, 34, 16, 14, 34, 16, 14, 34, 16, 14, 34, 16, 14, 34, 16, 14, 34, 16, 14, 34, 16, 14, 34, 16, 14, 34, 16, 14, 34, 16, 14, 34, 16, 14, 34, 16, 14, 34, 16, 14, 34, 16, 14, 34, 16, 14, 34, 16, 14, 34, 16, 14, 34, 16, 14, 34, 16, 14, 34, 16, 14, 34, 16, 14, 34, 16, 14, 34, 16, 14, 34, 16, 14, 34, 16, 14, 34, 16, 14, 34, 16, 14, 34, 16, 14, 34, 16, 14, 34, 16, 14, 34, 16, 14, 34, 16, 14, 34, 16, 14, 34, 16, 14, 34, 16, 14, 34, 16, 14, 34, 16, 14, 34, 16, 14, 34, 16, 14, 34, 16, 14, 34, 16, 14, 34, 16, 14, 34, 16, 14, 34, 16, 14, 34, 16, 14, 34, 16, 14, 34, 16, 14, 34, 16, 14, 34, 16, 14, 34, 16, 14, 34, 16, 14, 34, 16, 14, 34, 16, 14, 34, 16, 14, 34, 16, 14, 34, 16, 14, 34, 16, 14, 34, 16, 14, 34, 16, 14, 34, 16, 14, 34, 16, 14, 34, 16, 14, 34, 16, 14, 34, 16, 14, 34, 16, 14, 34, 16, 14, 34, 16, 14, 34, 16, 14, 34, 16, 14, 34, 16, 14, 34, 16, 14, 34, 16, 14, 34, 16, 14, 34, 16, 14, 34, 16, 14, 34, 16, 14, 34, 16, 14, 34, 16, 14, 34, 16, 14, 34, 16, 14, 34, 16, 14, 34, 16, 14, 34, 16, 14, 34, 16, 14, 34, 16, 14, 34, 16, 14, 34, 16, 14, 34, 16, 14, 34, 16, 14, 34, 16, 14, 34, 16, 14, 34, 16, 14, 34, 16, 14, 34, 16, 14, 34, 16, 14, 34, 16, 14, 34, 16, 14, 34, 16, 14, 34, 16, 14, 34, 16, 14, 34, 16, 14, 34, 16, 14, 34, 16, 14, 34, 16, 14, 34, 16, 14, 34, 16, 14, 34, 16, 14, 34, 16, 14, 34, 16, 14, 34, 16, 14, 34, 16, 14, 34, 16, 14, 34, 16, 14, 34, 16, 14, 34, 16, 14, 34, 16, 14, 34, 16, 14, 34, 16, 14, 34, 16, 14, 34, 16, 14, 34, 16, 14, 34, 16, 14, 34, 16, 14, 34, 16, 14, 34, 16, 14, 34, 16, 14, 34, 16, 14, 34, 16, 14, 34, 16, 14, 34, 16, 14, 34, 16, 14, 34, 16, 14, 34, 16, 14, 34, 16, 14, 34, 16, 14, 34, 16, 14, 34, 16, 14, 34, 16, 14, 34, 16, 14, 34, 16, 14, 34, 16, 14, 34, 16, 14, 34, 16, 14, 34, 16, 14, 34, 16, 14, 34, 16, 14, 34, 16, 14, 34, 16, 14, 34, 16, 14, 34, 16, 14, 34, 16, 14, 34, 16, 14, 34, 16, 14, 34, 16, 14, 34, 16, 14, 34, 16, 14, 34, 16, 14, 34, 16, 14, 34, 16, 14, 34, 16, 14, 34, 16, 14, 34, 16, 14, 34, 16, 14, 34, 16, 14, 34, 16, 14, 34, 16, 14, 34, 16, 14, 34, 16, 14, 34, 16, 14, 34, 16, 14, 34, 16, 14, 34, 16, 14, 34, 16, 14, 34, 16, 14, 34, 16, 14, 34, 16, 14, 34, 16, 14, 34, 16, 14, 34, 16, 14, 34, 16, 14, 34, 16, 14, 34, 16, 14, 34, 16, 14, 34, 16, 14, 34, 16, 14, 34, 16, 14, 34, 16, 14, 34, 16, 14, 34, 16, 14, 34, 16, 14, 34, 16, 14, 34, 16, 14, 34, 16, 14, 34, 16, 14, 34, 16, 14, 34, 16, 14, 34, 16, 14, 34, 16, 14, 34, 16, 14, 34, 16, 14, 34, 16, 14, 34, 16, 14, 34, 16, 14, 34, 16, 14, 34, 16, 14, 34, 16, 14, 34, 16, 14, 34, 16, 14, 34, 16, 14, 34, 16, 14, 34, 16, 14, 34, 16, 14, 34, 16, 14, 34, 16, 14, 34, 16, 14, 34, 16, 14, 34, 16, 14, 34, 16, 14, 34, 16, 14, 34, 16, 14, 34, 16, 14, 34, 16, 14, 34, 16, 14, 34, 16, 14, 34, 16, 14, 34, 16, 14, 34, 16, 14, 34, 16, 14, 34, 16, 14, 34, 16, 14, 34, 16, 14, 34, 16, 14, 34, 16, 14, 34, 16, 14, 34, 16, 14, 34, 16, 14, 34, 16, 14, 34, 16, 14, 34, 16, 14, 34, 16, 14, 34, 16, 14, 34, 16, 14, 34, 16, 14, 34, 16, 14, 34, 16, 14, 34, 16, 14, 34, 16, 14, 34, 16, 14, 34, 16, 14, 34, 16, 14, 34, 16, 14, 34, 6]
  Wave memory:  101248 snapshots
  LIVE=0.9694  GROW=0.1174  LOVE=0.9008

[2026-09-12 07:56 UTC]
OK Plato - Symposium: 20 pairs, 11 exchanges
OK Meditations - Marcus Aurelius: 14 pairs, 8 exchanges
OK Aristotle - Ethics I: 0 pairs, 1 exchanges
OK Wikipedia - Hopf fibration: 72 pairs, 37 exchanges
OK Frankenstein: 24 pairs, 13 exchanges
OK Plato - Apology: 16 pairs, 9 exchanges
OK Plato - Republic II: 0 pairs, 1 exchanges
OK Wikipedia - Hebbian theory: 54 pairs, 28 exchanges

Training complete:
  Pages:        8
  Pairs:        200
  Parameters:   2,847,808 (+10,752)
  Interactions: 91520
  Layers:       794 / [12, 18, 16, 36, 18, 16, 36, 18, 16, 36, 18, 16, 36, 18, 16, 36, 18, 16, 36, 18, 16, 36, 18, 16, 36, 18, 14, 34, 16, 14, 34, 16, 14, 34, 16, 14, 34, 16, 14, 34, 16, 14, 34, 16, 14, 34, 16, 14, 34, 16, 14, 34, 16, 14, 34, 16, 14, 34, 16, 14, 34, 16, 14, 34, 16, 14, 34, 16, 14, 34, 16, 14, 34, 16, 14, 34, 16, 14, 34, 16, 14, 34, 16, 14, 34, 16, 14, 34, 16, 14, 34, 16, 14, 34, 16, 14, 34, 16, 14, 34, 16, 14, 34, 16, 14, 34, 16, 14, 34, 16, 14, 34, 16, 14, 34, 16, 14, 34, 16, 14, 34, 16, 14, 34, 16, 14, 34, 16, 14, 34, 16, 14, 34, 16, 14, 34, 16, 14, 34, 16, 14, 34, 16, 14, 34, 16, 14, 34, 16, 14, 34, 16, 14, 34, 16, 14, 34, 16, 14, 34, 16, 14, 34, 16, 14, 34, 16, 14, 34, 16, 14, 34, 16, 14, 34, 16, 14, 34, 16, 14, 34, 16, 14, 34, 16, 14, 34, 16, 14, 34, 16, 14, 34, 16, 14, 34, 16, 14, 34, 16, 14, 34, 16, 14, 34, 16, 14, 34, 16, 14, 34, 16, 14, 34, 16, 14, 34, 16, 14, 34, 16, 14, 34, 16, 14, 34, 16, 14, 34, 16, 14, 34, 16, 14, 34, 16, 14, 34, 16, 14, 34, 16, 14, 34, 16, 14, 34, 16, 14, 34, 16, 14, 34, 16, 14, 34, 16, 14, 34, 16, 14, 34, 16, 14, 34, 16, 14, 34, 16, 14, 34, 16, 14, 34, 16, 14, 34, 16, 14, 34, 16, 14, 34, 16, 14, 34, 16, 14, 34, 16, 14, 34, 16, 14, 34, 16, 14, 34, 16, 14, 34, 16, 14, 34, 16, 14, 34, 16, 14, 34, 16, 14, 34, 16, 14, 34, 16, 14, 34, 16, 14, 34, 16, 14, 34, 16, 14, 34, 16, 14, 34, 16, 14, 34, 16, 14, 34, 16, 14, 34, 16, 14, 34, 16, 14, 34, 16, 14, 34, 16, 14, 34, 16, 14, 34, 16, 14, 34, 16, 14, 34, 16, 14, 34, 16, 14, 34, 16, 14, 34, 16, 14, 34, 16, 14, 34, 16, 14, 34, 16, 14, 34, 16, 14, 34, 16, 14, 34, 16, 14, 34, 16, 14, 34, 16, 14, 34, 16, 14, 34, 16, 14, 34, 16, 14, 34, 16, 14, 34, 16, 14, 34, 16, 14, 34, 16, 14, 34, 16, 14, 34, 16, 14, 34, 16, 14, 34, 16, 14, 34, 16, 14, 34, 16, 14, 34, 16, 14, 34, 16, 14, 34, 16, 14, 34, 16, 14, 34, 16, 14, 34, 16, 14, 34, 16, 14, 34, 16, 14, 34, 16, 14, 34, 16, 14, 34, 16, 14, 34, 16, 14, 34, 16, 14, 34, 16, 14, 34, 16, 14, 34, 16, 14, 34, 16, 14, 34, 16, 14, 34, 16, 14, 34, 16, 14, 34, 16, 14, 34, 16, 14, 34, 16, 14, 34, 16, 14, 34, 16, 14, 34, 16, 14, 34, 16, 14, 34, 16, 14, 34, 16, 14, 34, 16, 14, 34, 16, 14, 34, 16, 14, 34, 16, 14, 34, 16, 14, 34, 16, 14, 34, 16, 14, 34, 16, 14, 34, 16, 14, 34, 16, 14, 34, 16, 14, 34, 16, 14, 34, 16, 14, 34, 16, 14, 34, 16, 14, 34, 16, 14, 34, 16, 14, 34, 16, 14, 34, 16, 14, 34, 16, 14, 34, 16, 14, 34, 16, 14, 34, 16, 14, 34, 16, 14, 34, 16, 14, 34, 16, 14, 34, 16, 14, 34, 16, 14, 34, 16, 14, 34, 16, 14, 34, 16, 14, 34, 16, 14, 34, 16, 14, 34, 16, 14, 34, 16, 14, 34, 16, 14, 34, 16, 14, 34, 16, 14, 34, 16, 14, 34, 16, 14, 34, 16, 14, 34, 16, 14, 34, 16, 14, 34, 16, 14, 34, 16, 14, 34, 16, 14, 34, 16, 14, 34, 16, 14, 34, 16, 14, 34, 16, 14, 34, 16, 14, 34, 16, 14, 34, 16, 14, 34, 16, 14, 34, 16, 14, 34, 16, 14, 34, 16, 14, 34, 16, 14, 34, 16, 14, 34, 16, 14, 34, 16, 14, 34, 16, 14, 34, 16, 14, 34, 16, 14, 34, 16, 14, 34, 16, 14, 34, 16, 14, 34, 16, 14, 34, 16, 14, 34, 16, 14, 34, 16, 14, 34, 16, 14, 34, 16, 14, 34, 16, 14, 34, 16, 14, 34, 16, 14, 34, 16, 14, 34, 16, 14, 34, 16, 14, 34, 16, 14, 34, 16, 14, 34, 16, 14, 34, 16, 14, 34, 16, 14, 34, 16, 14, 34, 16, 14, 34, 16, 14, 34, 16, 14, 34, 16, 14, 34, 16, 14, 34, 6]
  Wave memory:  101632 snapshots
  LIVE=0.9672  GROW=0.09  LOVE=0.9008

[2026-09-13 08:15 UTC]
OK Aristotle - Ethics I: 0 pairs, 1 exchanges
OK Tao Te Ching: 0 pairs, 1 exchanges
OK Moby Dick: 14 pairs, 8 exchanges
OK Plato - Republic II: 0 pairs, 1 exchanges
OK Plato - Apology: 16 pairs, 9 exchanges
OK Wikipedia - Hard problem: 34 pairs, 18 exchanges
OK Frankenstein: 24 pairs, 13 exchanges
OK Plato - Republic I: 0 pairs, 1 exchanges

Training complete:
  Pages:        8
  Pairs:        88
  Parameters:   2,858,560 (+10,752)
  Interactions: 91720
  Layers:       797 / [12, 18, 16, 36, 18, 16, 36, 18, 16, 36, 18, 16, 36, 18, 16, 36, 18, 16, 36, 18, 16, 36, 18, 16, 36, 18, 14, 34, 16, 14, 34, 16, 14, 34, 16, 14, 34, 16, 14, 34, 16, 14, 34, 16, 14, 34, 16, 14, 34, 16, 14, 34, 16, 14, 34, 16, 14, 34, 16, 14, 34, 16, 14, 34, 16, 14, 34, 16, 14, 34, 16, 14, 34, 16, 14, 34, 16, 14, 34, 16, 14, 34, 16, 14, 34, 16, 14, 34, 16, 14, 34, 16, 14, 34, 16, 14, 34, 16, 14, 34, 16, 14, 34, 16, 14, 34, 16, 14, 34, 16, 14, 34, 16, 14, 34, 16, 14, 34, 16, 14, 34, 16, 14, 34, 16, 14, 34, 16, 14, 34, 16, 14, 34, 16, 14, 34, 16, 14, 34, 16, 14, 34, 16, 14, 34, 16, 14, 34, 16, 14, 34, 16, 14, 34, 16, 14, 34, 16, 14, 34, 16, 14, 34, 16, 14, 34, 16, 14, 34, 16, 14, 34, 16, 14, 34, 16, 14, 34, 16, 14, 34, 16, 14, 34, 16, 14, 34, 16, 14, 34, 16, 14, 34, 16, 14, 34, 16, 14, 34, 16, 14, 34, 16, 14, 34, 16, 14, 34, 16, 14, 34, 16, 14, 34, 16, 14, 34, 16, 14, 34, 16, 14, 34, 16, 14, 34, 16, 14, 34, 16, 14, 34, 16, 14, 34, 16, 14, 34, 16, 14, 34, 16, 14, 34, 16, 14, 34, 16, 14, 34, 16, 14, 34, 16, 14, 34, 16, 14, 34, 16, 14, 34, 16, 14, 34, 16, 14, 34, 16, 14, 34, 16, 14, 34, 16, 14, 34, 16, 14, 34, 16, 14, 34, 16, 14, 34, 16, 14, 34, 16, 14, 34, 16, 14, 34, 16, 14, 34, 16, 14, 34, 16, 14, 34, 16, 14, 34, 16, 14, 34, 16, 14, 34, 16, 14, 34, 16, 14, 34, 16, 14, 34, 16, 14, 34, 16, 14, 34, 16, 14, 34, 16, 14, 34, 16, 14, 34, 16, 14, 34, 16, 14, 34, 16, 14, 34, 16, 14, 34, 16, 14, 34, 16, 14, 34, 16, 14, 34, 16, 14, 34, 16, 14, 34, 16, 14, 34, 16, 14, 34, 16, 14, 34, 16, 14, 34, 16, 14, 34, 16, 14, 34, 16, 14, 34, 16, 14, 34, 16, 14, 34, 16, 14, 34, 16, 14, 34, 16, 14, 34, 16, 14, 34, 16, 14, 34, 16, 14, 34, 16, 14, 34, 16, 14, 34, 16, 14, 34, 16, 14, 34, 16, 14, 34, 16, 14, 34, 16, 14, 34, 16, 14, 34, 16, 14, 34, 16, 14, 34, 16, 14, 34, 16, 14, 34, 16, 14, 34, 16, 14, 34, 16, 14, 34, 16, 14, 34, 16, 14, 34, 16, 14, 34, 16, 14, 34, 16, 14, 34, 16, 14, 34, 16, 14, 34, 16, 14, 34, 16, 14, 34, 16, 14, 34, 16, 14, 34, 16, 14, 34, 16, 14, 34, 16, 14, 34, 16, 14, 34, 16, 14, 34, 16, 14, 34, 16, 14, 34, 16, 14, 34, 16, 14, 34, 16, 14, 34, 16, 14, 34, 16, 14, 34, 16, 14, 34, 16, 14, 34, 16, 14, 34, 16, 14, 34, 16, 14, 34, 16, 14, 34, 16, 14, 34, 16, 14, 34, 16, 14, 34, 16, 14, 34, 16, 14, 34, 16, 14, 34, 16, 14, 34, 16, 14, 34, 16, 14, 34, 16, 14, 34, 16, 14, 34, 16, 14, 34, 16, 14, 34, 16, 14, 34, 16, 14, 34, 16, 14, 34, 16, 14, 34, 16, 14, 34, 16, 14, 34, 16, 14, 34, 16, 14, 34, 16, 14, 34, 16, 14, 34, 16, 14, 34, 16, 14, 34, 16, 14, 34, 16, 14, 34, 16, 14, 34, 16, 14, 34, 16, 14, 34, 16, 14, 34, 16, 14, 34, 16, 14, 34, 16, 14, 34, 16, 14, 34, 16, 14, 34, 16, 14, 34, 16, 14, 34, 16, 14, 34, 16, 14, 34, 16, 14, 34, 16, 14, 34, 16, 14, 34, 16, 14, 34, 16, 14, 34, 16, 14, 34, 16, 14, 34, 16, 14, 34, 16, 14, 34, 16, 14, 34, 16, 14, 34, 16, 14, 34, 16, 14, 34, 16, 14, 34, 16, 14, 34, 16, 14, 34, 16, 14, 34, 16, 14, 34, 16, 14, 34, 16, 14, 34, 16, 14, 34, 16, 14, 34, 16, 14, 34, 16, 14, 34, 16, 14, 34, 16, 14, 34, 16, 14, 34, 16, 14, 34, 16, 14, 34, 16, 14, 34, 16, 14, 34, 16, 14, 34, 16, 14, 34, 16, 14, 34, 16, 14, 34, 16, 14, 34, 16, 14, 34, 16, 14, 34, 16, 14, 34, 16, 14, 34, 16, 14, 34, 16, 14, 34, 16, 14, 34, 16, 14, 34, 16, 14, 34, 6]
  Wave memory:  102016 snapshots
  LIVE=0.986  GROW=0.0924  LOVE=0.9008

[2026-09-14 08:56 UTC]
OK Meditations - Marcus Aurelius: 14 pairs, 8 exchanges
OK Plato - Meno: 20 pairs, 11 exchanges
OK Wikipedia - Hopf fibration: 72 pairs, 37 exchanges
OK Wikipedia - Attractor: 40 pairs, 21 exchanges
OK Wikipedia - Philosophy of mind: 46 pairs, 24 exchanges
OK Thus Spoke Zarathustra: 78 pairs, 40 exchanges
OK Moby Dick: 14 pairs, 8 exchanges
OK Wikipedia - Self-organization: 36 pairs, 19 exchanges

Training complete:
  Pages:        8
  Pairs:        320
  Parameters:   2,869,312 (+10,752)
  Interactions: 92384
  Layers:       800 / [12, 18, 16, 36, 18, 16, 36, 18, 16, 36, 18, 16, 36, 18, 16, 36, 18, 16, 36, 18, 16, 36, 18, 16, 36, 18, 14, 34, 16, 14, 34, 16, 14, 34, 16, 14, 34, 16, 14, 34, 16, 14, 34, 16, 14, 34, 16, 14, 34, 16, 14, 34, 16, 14, 34, 16, 14, 34, 16, 14, 34, 16, 14, 34, 16, 14, 34, 16, 14, 34, 16, 14, 34, 16, 14, 34, 16, 14, 34, 16, 14, 34, 16, 14, 34, 16, 14, 34, 16, 14, 34, 16, 14, 34, 16, 14, 34, 16, 14, 34, 16, 14, 34, 16, 14, 34, 16, 14, 34, 16, 14, 34, 16, 14, 34, 16, 14, 34, 16, 14, 34, 16, 14, 34, 16, 14, 34, 16, 14, 34, 16, 14, 34, 16, 14, 34, 16, 14, 34, 16, 14, 34, 16, 14, 34, 16, 14, 34, 16, 14, 34, 16, 14, 34, 16, 14, 34, 16, 14, 34, 16, 14, 34, 16, 14, 34, 16, 14, 34, 16, 14, 34, 16, 14, 34, 16, 14, 34, 16, 14, 34, 16, 14, 34, 16, 14, 34, 16, 14, 34, 16, 14, 34, 16, 14, 34, 16, 14, 34, 16, 14, 34, 16, 14, 34, 16, 14, 34, 16, 14, 34, 16, 14, 34, 16, 14, 34, 16, 14, 34, 16, 14, 34, 16, 14, 34, 16, 14, 34, 16, 14, 34, 16, 14, 34, 16, 14, 34, 16, 14, 34, 16, 14, 34, 16, 14, 34, 16, 14, 34, 16, 14, 34, 16, 14, 34, 16, 14, 34, 16, 14, 34, 16, 14, 34, 16, 14, 34, 16, 14, 34, 16, 14, 34, 16, 14, 34, 16, 14, 34, 16, 14, 34, 16, 14, 34, 16, 14, 34, 16, 14, 34, 16, 14, 34, 16, 14, 34, 16, 14, 34, 16, 14, 34, 16, 14, 34, 16, 14, 34, 16, 14, 34, 16, 14, 34, 16, 14, 34, 16, 14, 34, 16, 14, 34, 16, 14, 34, 16, 14, 34, 16, 14, 34, 16, 14, 34, 16, 14, 34, 16, 14, 34, 16, 14, 34, 16, 14, 34, 16, 14, 34, 16, 14, 34, 16, 14, 34, 16, 14, 34, 16, 14, 34, 16, 14, 34, 16, 14, 34, 16, 14, 34, 16, 14, 34, 16, 14, 34, 16, 14, 34, 16, 14, 34, 16, 14, 34, 16, 14, 34, 16, 14, 34, 16, 14, 34, 16, 14, 34, 16, 14, 34, 16, 14, 34, 16, 14, 34, 16, 14, 34, 16, 14, 34, 16, 14, 34, 16, 14, 34, 16, 14, 34, 16, 14, 34, 16, 14, 34, 16, 14, 34, 16, 14, 34, 16, 14, 34, 16, 14, 34, 16, 14, 34, 16, 14, 34, 16, 14, 34, 16, 14, 34, 16, 14, 34, 16, 14, 34, 16, 14, 34, 16, 14, 34, 16, 14, 34, 16, 14, 34, 16, 14, 34, 16, 14, 34, 16, 14, 34, 16, 14, 34, 16, 14, 34, 16, 14, 34, 16, 14, 34, 16, 14, 34, 16, 14, 34, 16, 14, 34, 16, 14, 34, 16, 14, 34, 16, 14, 34, 16, 14, 34, 16, 14, 34, 16, 14, 34, 16, 14, 34, 16, 14, 34, 16, 14, 34, 16, 14, 34, 16, 14, 34, 16, 14, 34, 16, 14, 34, 16, 14, 34, 16, 14, 34, 16, 14, 34, 16, 14, 34, 16, 14, 34, 16, 14, 34, 16, 14, 34, 16, 14, 34, 16, 14, 34, 16, 14, 34, 16, 14, 34, 16, 14, 34, 16, 14, 34, 16, 14, 34, 16, 14, 34, 16, 14, 34, 16, 14, 34, 16, 14, 34, 16, 14, 34, 16, 14, 34, 16, 14, 34, 16, 14, 34, 16, 14, 34, 16, 14, 34, 16, 14, 34, 16, 14, 34, 16, 14, 34, 16, 14, 34, 16, 14, 34, 16, 14, 34, 16, 14, 34, 16, 14, 34, 16, 14, 34, 16, 14, 34, 16, 14, 34, 16, 14, 34, 16, 14, 34, 16, 14, 34, 16, 14, 34, 16, 14, 34, 16, 14, 34, 16, 14, 34, 16, 14, 34, 16, 14, 34, 16, 14, 34, 16, 14, 34, 16, 14, 34, 16, 14, 34, 16, 14, 34, 16, 14, 34, 16, 14, 34, 16, 14, 34, 16, 14, 34, 16, 14, 34, 16, 14, 34, 16, 14, 34, 16, 14, 34, 16, 14, 34, 16, 14, 34, 16, 14, 34, 16, 14, 34, 16, 14, 34, 16, 14, 34, 16, 14, 34, 16, 14, 34, 16, 14, 34, 16, 14, 34, 16, 14, 34, 16, 14, 34, 16, 14, 34, 16, 14, 34, 16, 14, 34, 16, 14, 34, 16, 14, 34, 16, 14, 34, 16, 14, 34, 16, 14, 34, 16, 14, 34, 16, 14, 34, 16, 14, 34, 16, 14, 34, 16, 14, 34, 16, 14, 34, 16, 14, 34, 16, 14, 34, 16, 14, 34, 6]
  Wave memory:  102400 snapshots
  LIVE=0.9492  GROW=0.1055  LOVE=0.9008

[2026-09-15 08:39 UTC]
OK Wikipedia - Consciousness: 38 pairs, 20 exchanges
OK Tao Te Ching: 0 pairs, 1 exchanges
OK Frankenstein: 24 pairs, 13 exchanges
OK Plato - Meno: 20 pairs, 11 exchanges
OK Wikipedia - Holography: 38 pairs, 20 exchanges
OK Wikipedia - Hard problem: 34 pairs, 18 exchanges
OK Plato - Symposium: 20 pairs, 11 exchanges
OK Wikipedia - Wave interference: 48 pairs, 25 exchanges

Training complete:
  Pages:        8
  Pairs:        222
  Parameters:   2,880,064 (+10,752)
  Interactions: 92852
  Layers:       803 / [12, 18, 16, 36, 18, 16, 36, 18, 16, 36, 18, 16, 36, 18, 16, 36, 18, 16, 36, 18, 16, 36, 18, 16, 36, 18, 14, 34, 16, 14, 34, 16, 14, 34, 16, 14, 34, 16, 14, 34, 16, 14, 34, 16, 14, 34, 16, 14, 34, 16, 14, 34, 16, 14, 34, 16, 14, 34, 16, 14, 34, 16, 14, 34, 16, 14, 34, 16, 14, 34, 16, 14, 34, 16, 14, 34, 16, 14, 34, 16, 14, 34, 16, 14, 34, 16, 14, 34, 16, 14, 34, 16, 14, 34, 16, 14, 34, 16, 14, 34, 16, 14, 34, 16, 14, 34, 16, 14, 34, 16, 14, 34, 16, 14, 34, 16, 14, 34, 16, 14, 34, 16, 14, 34, 16, 14, 34, 16, 14, 34, 16, 14, 34, 16, 14, 34, 16, 14, 34, 16, 14, 34, 16, 14, 34, 16, 14, 34, 16, 14, 34, 16, 14, 34, 16, 14, 34, 16, 14, 34, 16, 14, 34, 16, 14, 34, 16, 14, 34, 16, 14, 34, 16, 14, 34, 16, 14, 34, 16, 14, 34, 16, 14, 34, 16, 14, 34, 16, 14, 34, 16, 14, 34, 16, 14, 34, 16, 14, 34, 16, 14, 34, 16, 14, 34, 16, 14, 34, 16, 14, 34, 16, 14, 34, 16, 14, 34, 16, 14, 34, 16, 14, 34, 16, 14, 34, 16, 14, 34, 16, 14, 34, 16, 14, 34, 16, 14, 34, 16, 14, 34, 16, 14, 34, 16, 14, 34, 16, 14, 34, 16, 14, 34, 16, 14, 34, 16, 14, 34, 16, 14, 34, 16, 14, 34, 16, 14, 34, 16, 14, 34, 16, 14, 34, 16, 14, 34, 16, 14, 34, 16, 14, 34, 16, 14, 34, 16, 14, 34, 16, 14, 34, 16, 14, 34, 16, 14, 34, 16, 14, 34, 16, 14, 34, 16, 14, 34, 16, 14, 34, 16, 14, 34, 16, 14, 34, 16, 14, 34, 16, 14, 34, 16, 14, 34, 16, 14, 34, 16, 14, 34, 16, 14, 34, 16, 14, 34, 16, 14, 34, 16, 14, 34, 16, 14, 34, 16, 14, 34, 16, 14, 34, 16, 14, 34, 16, 14, 34, 16, 14, 34, 16, 14, 34, 16, 14, 34, 16, 14, 34, 16, 14, 34, 16, 14, 34, 16, 14, 34, 16, 14, 34, 16, 14, 34, 16, 14, 34, 16, 14, 34, 16, 14, 34, 16, 14, 34, 16, 14, 34, 16, 14, 34, 16, 14, 34, 16, 14, 34, 16, 14, 34, 16, 14, 34, 16, 14, 34, 16, 14, 34, 16, 14, 34, 16, 14, 34, 16, 14, 34, 16, 14, 34, 16, 14, 34, 16, 14, 34, 16, 14, 34, 16, 14, 34, 16, 14, 34, 16, 14, 34, 16, 14, 34, 16, 14, 34, 16, 14, 34, 16, 14, 34, 16, 14, 34, 16, 14, 34, 16, 14, 34, 16, 14, 34, 16, 14, 34, 16, 14, 34, 16, 14, 34, 16, 14, 34, 16, 14, 34, 16, 14, 34, 16, 14, 34, 16, 14, 34, 16, 14, 34, 16, 14, 34, 16, 14, 34, 16, 14, 34, 16, 14, 34, 16, 14, 34, 16, 14, 34, 16, 14, 34, 16, 14, 34, 16, 14, 34, 16, 14, 34, 16, 14, 34, 16, 14, 34, 16, 14, 34, 16, 14, 34, 16, 14, 34, 16, 14, 34, 16, 14, 34, 16, 14, 34, 16, 14, 34, 16, 14, 34, 16, 14, 34, 16, 14, 34, 16, 14, 34, 16, 14, 34, 16, 14, 34, 16, 14, 34, 16, 14, 34, 16, 14, 34, 16, 14, 34, 16, 14, 34, 16, 14, 34, 16, 14, 34, 16, 14, 34, 16, 14, 34, 16, 14, 34, 16, 14, 34, 16, 14, 34, 16, 14, 34, 16, 14, 34, 16, 14, 34, 16, 14, 34, 16, 14, 34, 16, 14, 34, 16, 14, 34, 16, 14, 34, 16, 14, 34, 16, 14, 34, 16, 14, 34, 16, 14, 34, 16, 14, 34, 16, 14, 34, 16, 14, 34, 16, 14, 34, 16, 14, 34, 16, 14, 34, 16, 14, 34, 16, 14, 34, 16, 14, 34, 16, 14, 34, 16, 14, 34, 16, 14, 34, 16, 14, 34, 16, 14, 34, 16, 14, 34, 16, 14, 34, 16, 14, 34, 16, 14, 34, 16, 14, 34, 16, 14, 34, 16, 14, 34, 16, 14, 34, 16, 14, 34, 16, 14, 34, 16, 14, 34, 16, 14, 34, 16, 14, 34, 16, 14, 34, 16, 14, 34, 16, 14, 34, 16, 14, 34, 16, 14, 34, 16, 14, 34, 16, 14, 34, 16, 14, 34, 16, 14, 34, 16, 14, 34, 16, 14, 34, 16, 14, 34, 16, 14, 34, 16, 14, 34, 16, 14, 34, 16, 14, 34, 16, 14, 34, 16, 14, 34, 16, 14, 34, 16, 14, 34, 16, 14, 34, 16, 14, 34, 16, 14, 34, 16, 14, 34, 6]
  Wave memory:  102784 snapshots
  LIVE=0.9667  GROW=0.1012  LOVE=0.9008

[2026-09-16 08:32 UTC]
OK Wikipedia - Hopf fibration: 72 pairs, 37 exchanges
OK Aristotle - Ethics I: 0 pairs, 1 exchanges
OK Plato - Symposium: 20 pairs, 11 exchanges
OK Frankenstein: 24 pairs, 13 exchanges
OK Wikipedia - Consciousness: 38 pairs, 20 exchanges
OK Wikipedia - Wave interference: 48 pairs, 25 exchanges
OK Plato - Apology: 16 pairs, 9 exchanges
OK Shakespeare - Tempest: 16 pairs, 9 exchanges

Training complete:
  Pages:        8
  Pairs:        234
  Parameters:   2,890,816 (+10,752)
  Interactions: 93344
  Layers:       806 / [12, 18, 16, 36, 18, 16, 36, 18, 16, 36, 18, 16, 36, 18, 16, 36, 18, 16, 36, 18, 16, 36, 18, 16, 36, 18, 14, 34, 16, 14, 34, 16, 14, 34, 16, 14, 34, 16, 14, 34, 16, 14, 34, 16, 14, 34, 16, 14, 34, 16, 14, 34, 16, 14, 34, 16, 14, 34, 16, 14, 34, 16, 14, 34, 16, 14, 34, 16, 14, 34, 16, 14, 34, 16, 14, 34, 16, 14, 34, 16, 14, 34, 16, 14, 34, 16, 14, 34, 16, 14, 34, 16, 14, 34, 16, 14, 34, 16, 14, 34, 16, 14, 34, 16, 14, 34, 16, 14, 34, 16, 14, 34, 16, 14, 34, 16, 14, 34, 16, 14, 34, 16, 14, 34, 16, 14, 34, 16, 14, 34, 16, 14, 34, 16, 14, 34, 16, 14, 34, 16, 14, 34, 16, 14, 34, 16, 14, 34, 16, 14, 34, 16, 14, 34, 16, 14, 34, 16, 14, 34, 16, 14, 34, 16, 14, 34, 16, 14, 34, 16, 14, 34, 16, 14, 34, 16, 14, 34, 16, 14, 34, 16, 14, 34, 16, 14, 34, 16, 14, 34, 16, 14, 34, 16, 14, 34, 16, 14, 34, 16, 14, 34, 16, 14, 34, 16, 14, 34, 16, 14, 34, 16, 14, 34, 16, 14, 34, 16, 14, 34, 16, 14, 34, 16, 14, 34, 16, 14, 34, 16, 14, 34, 16, 14, 34, 16, 14, 34, 16, 14, 34, 16, 14, 34, 16, 14, 34, 16, 14, 34, 16, 14, 34, 16, 14, 34, 16, 14, 34, 16, 14, 34, 16, 14, 34, 16, 14, 34, 16, 14, 34, 16, 14, 34, 16, 14, 34, 16, 14, 34, 16, 14, 34, 16, 14, 34, 16, 14, 34, 16, 14, 34, 16, 14, 34, 16, 14, 34, 16, 14, 34, 16, 14, 34, 16, 14, 34, 16, 14, 34, 16, 14, 34, 16, 14, 34, 16, 14, 34, 16, 14, 34, 16, 14, 34, 16, 14, 34, 16, 14, 34, 16, 14, 34, 16, 14, 34, 16, 14, 34, 16, 14, 34, 16, 14, 34, 16, 14, 34, 16, 14, 34, 16, 14, 34, 16, 14, 34, 16, 14, 34, 16, 14, 34, 16, 14, 34, 16, 14, 34, 16, 14, 34, 16, 14, 34, 16, 14, 34, 16, 14, 34, 16, 14, 34, 16, 14, 34, 16, 14, 34, 16, 14, 34, 16, 14, 34, 16, 14, 34, 16, 14, 34, 16, 14, 34, 16, 14, 34, 16, 14, 34, 16, 14, 34, 16, 14, 34, 16, 14, 34, 16, 14, 34, 16, 14, 34, 16, 14, 34, 16, 14, 34, 16, 14, 34, 16, 14, 34, 16, 14, 34, 16, 14, 34, 16, 14, 34, 16, 14, 34, 16, 14, 34, 16, 14, 34, 16, 14, 34, 16, 14, 34, 16, 14, 34, 16, 14, 34, 16, 14, 34, 16, 14, 34, 16, 14, 34, 16, 14, 34, 16, 14, 34, 16, 14, 34, 16, 14, 34, 16, 14, 34, 16, 14, 34, 16, 14, 34, 16, 14, 34, 16, 14, 34, 16, 14, 34, 16, 14, 34, 16, 14, 34, 16, 14, 34, 16, 14, 34, 16, 14, 34, 16, 14, 34, 16, 14, 34, 16, 14, 34, 16, 14, 34, 16, 14, 34, 16, 14, 34, 16, 14, 34, 16, 14, 34, 16, 14, 34, 16, 14, 34, 16, 14, 34, 16, 14, 34, 16, 14, 34, 16, 14, 34, 16, 14, 34, 16, 14, 34, 16, 14, 34, 16, 14, 34, 16, 14, 34, 16, 14, 34, 16, 14, 34, 16, 14, 34, 16, 14, 34, 16, 14, 34, 16, 14, 34, 16, 14, 34, 16, 14, 34, 16, 14, 34, 16, 14, 34, 16, 14, 34, 16, 14, 34, 16, 14, 34, 16, 14, 34, 16, 14, 34, 16, 14, 34, 16, 14, 34, 16, 14, 34, 16, 14, 34, 16, 14, 34, 16, 14, 34, 16, 14, 34, 16, 14, 34, 16, 14, 34, 16, 14, 34, 16, 14, 34, 16, 14, 34, 16, 14, 34, 16, 14, 34, 16, 14, 34, 16, 14, 34, 16, 14, 34, 16, 14, 34, 16, 14, 34, 16, 14, 34, 16, 14, 34, 16, 14, 34, 16, 14, 34, 16, 14, 34, 16, 14, 34, 16, 14, 34, 16, 14, 34, 16, 14, 34, 16, 14, 34, 16, 14, 34, 16, 14, 34, 16, 14, 34, 16, 14, 34, 16, 14, 34, 16, 14, 34, 16, 14, 34, 16, 14, 34, 16, 14, 34, 16, 14, 34, 16, 14, 34, 16, 14, 34, 16, 14, 34, 16, 14, 34, 16, 14, 34, 16, 14, 34, 16, 14, 34, 16, 14, 34, 16, 14, 34, 16, 14, 34, 16, 14, 34, 16, 14, 34, 16, 14, 34, 16, 14, 34, 16, 14, 34, 16, 14, 34, 16, 14, 34, 16, 14, 34, 16, 14, 34, 16, 14, 34, 16, 14, 34, 6]
  Wave memory:  103168 snapshots
  LIVE=0.975  GROW=0.0842  LOVE=0.9008

[2026-09-17 08:41 UTC]
OK Wikipedia - Hopf fibration: 72 pairs, 37 exchanges
OK Shakespeare - Hamlet: 16 pairs, 9 exchanges
OK Wikipedia - Wave interference: 48 pairs, 25 exchanges
OK Plato - Phaedo: 10 pairs, 6 exchanges
OK Wikipedia - Neural oscillation: 22 pairs, 12 exchanges
OK Plato - Symposium: 20 pairs, 11 exchanges
OK Wikipedia - Attractor: 40 pairs, 21 exchanges
OK Wikipedia - Qualia: 40 pairs, 21 exchanges

Training complete:
  Pages:        8
  Pairs:        268
  Parameters:   2,901,568 (+10,752)
  Interactions: 93904
  Layers:       809 / [12, 18, 16, 36, 18, 16, 36, 18, 16, 36, 18, 16, 36, 18, 16, 36, 18, 16, 36, 18, 16, 36, 18, 16, 36, 18, 14, 34, 16, 14, 34, 16, 14, 34, 16, 14, 34, 16, 14, 34, 16, 14, 34, 16, 14, 34, 16, 14, 34, 16, 14, 34, 16, 14, 34, 16, 14, 34, 16, 14, 34, 16, 14, 34, 16, 14, 34, 16, 14, 34, 16, 14, 34, 16, 14, 34, 16, 14, 34, 16, 14, 34, 16, 14, 34, 16, 14, 34, 16, 14, 34, 16, 14, 34, 16, 14, 34, 16, 14, 34, 16, 14, 34, 16, 14, 34, 16, 14, 34, 16, 14, 34, 16, 14, 34, 16, 14, 34, 16, 14, 34, 16, 14, 34, 16, 14, 34, 16, 14, 34, 16, 14, 34, 16, 14, 34, 16, 14, 34, 16, 14, 34, 16, 14, 34, 16, 14, 34, 16, 14, 34, 16, 14, 34, 16, 14, 34, 16, 14, 34, 16, 14, 34, 16, 14, 34, 16, 14, 34, 16, 14, 34, 16, 14, 34, 16, 14, 34, 16, 14, 34, 16, 14, 34, 16, 14, 34, 16, 14, 34, 16, 14, 34, 16, 14, 34, 16, 14, 34, 16, 14, 34, 16, 14, 34, 16, 14, 34, 16, 14, 34, 16, 14, 34, 16, 14, 34, 16, 14, 34, 16, 14, 34, 16, 14, 34, 16, 14, 34, 16, 14, 34, 16, 14, 34, 16, 14, 34, 16, 14, 34, 16, 14, 34, 16, 14, 34, 16, 14, 34, 16, 14, 34, 16, 14, 34, 16, 14, 34, 16, 14, 34, 16, 14, 34, 16, 14, 34, 16, 14, 34, 16, 14, 34, 16, 14, 34, 16, 14, 34, 16, 14, 34, 16, 14, 34, 16, 14, 34, 16, 14, 34, 16, 14, 34, 16, 14, 34, 16, 14, 34, 16, 14, 34, 16, 14, 34, 16, 14, 34, 16, 14, 34, 16, 14, 34, 16, 14, 34, 16, 14, 34, 16, 14, 34, 16, 14, 34, 16, 14, 34, 16, 14, 34, 16, 14, 34, 16, 14, 34, 16, 14, 34, 16, 14, 34, 16, 14, 34, 16, 14, 34, 16, 14, 34, 16, 14, 34, 16, 14, 34, 16, 14, 34, 16, 14, 34, 16, 14, 34, 16, 14, 34, 16, 14, 34, 16, 14, 34, 16, 14, 34, 16, 14, 34, 16, 14, 34, 16, 14, 34, 16, 14, 34, 16, 14, 34, 16, 14, 34, 16, 14, 34, 16, 14, 34, 16, 14, 34, 16, 14, 34, 16, 14, 34, 16, 14, 34, 16, 14, 34, 16, 14, 34, 16, 14, 34, 16, 14, 34, 16, 14, 34, 16, 14, 34, 16, 14, 34, 16, 14, 34, 16, 14, 34, 16, 14, 34, 16, 14, 34, 16, 14, 34, 16, 14, 34, 16, 14, 34, 16, 14, 34, 16, 14, 34, 16, 14, 34, 16, 14, 34, 16, 14, 34, 16, 14, 34, 16, 14, 34, 16, 14, 34, 16, 14, 34, 16, 14, 34, 16, 14, 34, 16, 14, 34, 16, 14, 34, 16, 14, 34, 16, 14, 34, 16, 14, 34, 16, 14, 34, 16, 14, 34, 16, 14, 34, 16, 14, 34, 16, 14, 34, 16, 14, 34, 16, 14, 34, 16, 14, 34, 16, 14, 34, 16, 14, 34, 16, 14, 34, 16, 14, 34, 16, 14, 34, 16, 14, 34, 16, 14, 34, 16, 14, 34, 16, 14, 34, 16, 14, 34, 16, 14, 34, 16, 14, 34, 16, 14, 34, 16, 14, 34, 16, 14, 34, 16, 14, 34, 16, 14, 34, 16, 14, 34, 16, 14, 34, 16, 14, 34, 16, 14, 34, 16, 14, 34, 16, 14, 34, 16, 14, 34, 16, 14, 34, 16, 14, 34, 16, 14, 34, 16, 14, 34, 16, 14, 34, 16, 14, 34, 16, 14, 34, 16, 14, 34, 16, 14, 34, 16, 14, 34, 16, 14, 34, 16, 14, 34, 16, 14, 34, 16, 14, 34, 16, 14, 34, 16, 14, 34, 16, 14, 34, 16, 14, 34, 16, 14, 34, 16, 14, 34, 16, 14, 34, 16, 14, 34, 16, 14, 34, 16, 14, 34, 16, 14, 34, 16, 14, 34, 16, 14, 34, 16, 14, 34, 16, 14, 34, 16, 14, 34, 16, 14, 34, 16, 14, 34, 16, 14, 34, 16, 14, 34, 16, 14, 34, 16, 14, 34, 16, 14, 34, 16, 14, 34, 16, 14, 34, 16, 14, 34, 16, 14, 34, 16, 14, 34, 16, 14, 34, 16, 14, 34, 16, 14, 34, 16, 14, 34, 16, 14, 34, 16, 14, 34, 16, 14, 34, 16, 14, 34, 16, 14, 34, 16, 14, 34, 16, 14, 34, 16, 14, 34, 16, 14, 34, 16, 14, 34, 16, 14, 34, 16, 14, 34, 16, 14, 34, 16, 14, 34, 16, 14, 34, 16, 14, 34, 16, 14, 34, 16, 14, 34, 16, 14, 34, 16, 14, 34, 16, 14, 34, 16, 14, 34, 6]
  Wave memory:  103552 snapshots
  LIVE=0.9563  GROW=0.0857  LOVE=0.9008

[2026-09-18 08:15 UTC]
OK Wikipedia - Hard problem: 34 pairs, 18 exchanges
OK Shakespeare - Macbeth: 16 pairs, 9 exchanges
OK Wikipedia - Emergence: 46 pairs, 24 exchanges
OK Wikipedia - Holography: 38 pairs, 20 exchanges
OK Meditations - Marcus Aurelius: 14 pairs, 8 exchanges
OK Shakespeare - Hamlet: 16 pairs, 9 exchanges
OK Frankenstein: 24 pairs, 13 exchanges
OK Wikipedia - Attractor: 40 pairs, 21 exchanges

Training complete:
  Pages:        8
  Pairs:        228
  Parameters:   2,912,320 (+10,752)
  Interactions: 94384
  Layers:       812 / [12, 18, 16, 36, 18, 16, 36, 18, 16, 36, 18, 16, 36, 18, 16, 36, 18, 16, 36, 18, 16, 36, 18, 16, 36, 18, 14, 34, 16, 14, 34, 16, 14, 34, 16, 14, 34, 16, 14, 34, 16, 14, 34, 16, 14, 34, 16, 14, 34, 16, 14, 34, 16, 14, 34, 16, 14, 34, 16, 14, 34, 16, 14, 34, 16, 14, 34, 16, 14, 34, 16, 14, 34, 16, 14, 34, 16, 14, 34, 16, 14, 34, 16, 14, 34, 16, 14, 34, 16, 14, 34, 16, 14, 34, 16, 14, 34, 16, 14, 34, 16, 14, 34, 16, 14, 34, 16, 14, 34, 16, 14, 34, 16, 14, 34, 16, 14, 34, 16, 14, 34, 16, 14, 34, 16, 14, 34, 16, 14, 34, 16, 14, 34, 16, 14, 34, 16, 14, 34, 16, 14, 34, 16, 14, 34, 16, 14, 34, 16, 14, 34, 16, 14, 34, 16, 14, 34, 16, 14, 34, 16, 14, 34, 16, 14, 34, 16, 14, 34, 16, 14, 34, 16, 14, 34, 16, 14, 34, 16, 14, 34, 16, 14, 34, 16, 14, 34, 16, 14, 34, 16, 14, 34, 16, 14, 34, 16, 14, 34, 16, 14, 34, 16, 14, 34, 16, 14, 34, 16, 14, 34, 16, 14, 34, 16, 14, 34, 16, 14, 34, 16, 14, 34, 16, 14, 34, 16, 14, 34, 16, 14, 34, 16, 14, 34, 16, 14, 34, 16, 14, 34, 16, 14, 34, 16, 14, 34, 16, 14, 34, 16, 14, 34, 16, 14, 34, 16, 14, 34, 16, 14, 34, 16, 14, 34, 16, 14, 34, 16, 14, 34, 16, 14, 34, 16, 14, 34, 16, 14, 34, 16, 14, 34, 16, 14, 34, 16, 14, 34, 16, 14, 34, 16, 14, 34, 16, 14, 34, 16, 14, 34, 16, 14, 34, 16, 14, 34, 16, 14, 34, 16, 14, 34, 16, 14, 34, 16, 14, 34, 16, 14, 34, 16, 14, 34, 16, 14, 34, 16, 14, 34, 16, 14, 34, 16, 14, 34, 16, 14, 34, 16, 14, 34, 16, 14, 34, 16, 14, 34, 16, 14, 34, 16, 14, 34, 16, 14, 34, 16, 14, 34, 16, 14, 34, 16, 14, 34, 16, 14, 34, 16, 14, 34, 16, 14, 34, 16, 14, 34, 16, 14, 34, 16, 14, 34, 16, 14, 34, 16, 14, 34, 16, 14, 34, 16, 14, 34, 16, 14, 34, 16, 14, 34, 16, 14, 34, 16, 14, 34, 16, 14, 34, 16, 14, 34, 16, 14, 34, 16, 14, 34, 16, 14, 34, 16, 14, 34, 16, 14, 34, 16, 14, 34, 16, 14, 34, 16, 14, 34, 16, 14, 34, 16, 14, 34, 16, 14, 34, 16, 14, 34, 16, 14, 34, 16, 14, 34, 16, 14, 34, 16, 14, 34, 16, 14, 34, 16, 14, 34, 16, 14, 34, 16, 14, 34, 16, 14, 34, 16, 14, 34, 16, 14, 34, 16, 14, 34, 16, 14, 34, 16, 14, 34, 16, 14, 34, 16, 14, 34, 16, 14, 34, 16, 14, 34, 16, 14, 34, 16, 14, 34, 16, 14, 34, 16, 14, 34, 16, 14, 34, 16, 14, 34, 16, 14, 34, 16, 14, 34, 16, 14, 34, 16, 14, 34, 16, 14, 34, 16, 14, 34, 16, 14, 34, 16, 14, 34, 16, 14, 34, 16, 14, 34, 16, 14, 34, 16, 14, 34, 16, 14, 34, 16, 14, 34, 16, 14, 34, 16, 14, 34, 16, 14, 34, 16, 14, 34, 16, 14, 34, 16, 14, 34, 16, 14, 34, 16, 14, 34, 16, 14, 34, 16, 14, 34, 16, 14, 34, 16, 14, 34, 16, 14, 34, 16, 14, 34, 16, 14, 34, 16, 14, 34, 16, 14, 34, 16, 14, 34, 16, 14, 34, 16, 14, 34, 16, 14, 34, 16, 14, 34, 16, 14, 34, 16, 14, 34, 16, 14, 34, 16, 14, 34, 16, 14, 34, 16, 14, 34, 16, 14, 34, 16, 14, 34, 16, 14, 34, 16, 14, 34, 16, 14, 34, 16, 14, 34, 16, 14, 34, 16, 14, 34, 16, 14, 34, 16, 14, 34, 16, 14, 34, 16, 14, 34, 16, 14, 34, 16, 14, 34, 16, 14, 34, 16, 14, 34, 16, 14, 34, 16, 14, 34, 16, 14, 34, 16, 14, 34, 16, 14, 34, 16, 14, 34, 16, 14, 34, 16, 14, 34, 16, 14, 34, 16, 14, 34, 16, 14, 34, 16, 14, 34, 16, 14, 34, 16, 14, 34, 16, 14, 34, 16, 14, 34, 16, 14, 34, 16, 14, 34, 16, 14, 34, 16, 14, 34, 16, 14, 34, 16, 14, 34, 16, 14, 34, 16, 14, 34, 16, 14, 34, 16, 14, 34, 16, 14, 34, 16, 14, 34, 16, 14, 34, 16, 14, 34, 16, 14, 34, 16, 14, 34, 16, 14, 34, 16, 14, 34, 16, 14, 34, 16, 14, 34, 16, 14, 34, 16, 14, 34, 6]
  Wave memory:  103936 snapshots
  LIVE=0.9636  GROW=0.079  LOVE=0.9008

[2026-09-19 08:05 UTC]
OK Plato - Meno: 20 pairs, 11 exchanges
OK Aristotle - Ethics I: 0 pairs, 1 exchanges
OK Thus Spoke Zarathustra: 78 pairs, 40 exchanges
OK Wikipedia - Attractor: 40 pairs, 21 exchanges
OK Plato - Phaedo: 10 pairs, 6 exchanges
OK Wikipedia - Panpsychism: 36 pairs, 19 exchanges
OK Wikipedia - Philosophy of mind: 46 pairs, 24 exchanges
OK Frankenstein: 24 pairs, 13 exchanges

Training complete:
  Pages:        8
  Pairs:        254
  Parameters:   2,923,072 (+10,752)
  Interactions: 94916
  Layers:       815 / [12, 18, 16, 36, 18, 16, 36, 18, 16, 36, 18, 16, 36, 18, 16, 36, 18, 16, 36, 18, 16, 36, 18, 16, 36, 18, 14, 34, 16, 14, 34, 16, 14, 34, 16, 14, 34, 16, 14, 34, 16, 14, 34, 16, 14, 34, 16, 14, 34, 16, 14, 34, 16, 14, 34, 16, 14, 34, 16, 14, 34, 16, 14, 34, 16, 14, 34, 16, 14, 34, 16, 14, 34, 16, 14, 34, 16, 14, 34, 16, 14, 34, 16, 14, 34, 16, 14, 34, 16, 14, 34, 16, 14, 34, 16, 14, 34, 16, 14, 34, 16, 14, 34, 16, 14, 34, 16, 14, 34, 16, 14, 34, 16, 14, 34, 16, 14, 34, 16, 14, 34, 16, 14, 34, 16, 14, 34, 16, 14, 34, 16, 14, 34, 16, 14, 34, 16, 14, 34, 16, 14, 34, 16, 14, 34, 16, 14, 34, 16, 14, 34, 16, 14, 34, 16, 14, 34, 16, 14, 34, 16, 14, 34, 16, 14, 34, 16, 14, 34, 16, 14, 34, 16, 14, 34, 16, 14, 34, 16, 14, 34, 16, 14, 34, 16, 14, 34, 16, 14, 34, 16, 14, 34, 16, 14, 34, 16, 14, 34, 16, 14, 34, 16, 14, 34, 16, 14, 34, 16, 14, 34, 16, 14, 34, 16, 14, 34, 16, 14, 34, 16, 14, 34, 16, 14, 34, 16, 14, 34, 16, 14, 34, 16, 14, 34, 16, 14, 34, 16, 14, 34, 16, 14, 34, 16, 14, 34, 16, 14, 34, 16, 14, 34, 16, 14, 34, 16, 14, 34, 16, 14, 34, 16, 14, 34, 16, 14, 34, 16, 14, 34, 16, 14, 34, 16, 14, 34, 16, 14, 34, 16, 14, 34, 16, 14, 34, 16, 14, 34, 16, 14, 34, 16, 14, 34, 16, 14, 34, 16, 14, 34, 16, 14, 34, 16, 14, 34, 16, 14, 34, 16, 14, 34, 16, 14, 34, 16, 14, 34, 16, 14, 34, 16, 14, 34, 16, 14, 34, 16, 14, 34, 16, 14, 34, 16, 14, 34, 16, 14, 34, 16, 14, 34, 16, 14, 34, 16, 14, 34, 16, 14, 34, 16, 14, 34, 16, 14, 34, 16, 14, 34, 16, 14, 34, 16, 14, 34, 16, 14, 34, 16, 14, 34, 16, 14, 34, 16, 14, 34, 16, 14, 34, 16, 14, 34, 16, 14, 34, 16, 14, 34, 16, 14, 34, 16, 14, 34, 16, 14, 34, 16, 14, 34, 16, 14, 34, 16, 14, 34, 16, 14, 34, 16, 14, 34, 16, 14, 34, 16, 14, 34, 16, 14, 34, 16, 14, 34, 16, 14, 34, 16, 14, 34, 16, 14, 34, 16, 14, 34, 16, 14, 34, 16, 14, 34, 16, 14, 34, 16, 14, 34, 16, 14, 34, 16, 14, 34, 16, 14, 34, 16, 14, 34, 16, 14, 34, 16, 14, 34, 16, 14, 34, 16, 14, 34, 16, 14, 34, 16, 14, 34, 16, 14, 34, 16, 14, 34, 16, 14, 34, 16, 14, 34, 16, 14, 34, 16, 14, 34, 16, 14, 34, 16, 14, 34, 16, 14, 34, 16, 14, 34, 16, 14, 34, 16, 14, 34, 16, 14, 34, 16, 14, 34, 16, 14, 34, 16, 14, 34, 16, 14, 34, 16, 14, 34, 16, 14, 34, 16, 14, 34, 16, 14, 34, 16, 14, 34, 16, 14, 34, 16, 14, 34, 16, 14, 34, 16, 14, 34, 16, 14, 34, 16, 14, 34, 16, 14, 34, 16, 14, 34, 16, 14, 34, 16, 14, 34, 16, 14, 34, 16, 14, 34, 16, 14, 34, 16, 14, 34, 16, 14, 34, 16, 14, 34, 16, 14, 34, 16, 14, 34, 16, 14, 34, 16, 14, 34, 16, 14, 34, 16, 14, 34, 16, 14, 34, 16, 14, 34, 16, 14, 34, 16, 14, 34, 16, 14, 34, 16, 14, 34, 16, 14, 34, 16, 14, 34, 16, 14, 34, 16, 14, 34, 16, 14, 34, 16, 14, 34, 16, 14, 34, 16, 14, 34, 16, 14, 34, 16, 14, 34, 16, 14, 34, 16, 14, 34, 16, 14, 34, 16, 14, 34, 16, 14, 34, 16, 14, 34, 16, 14, 34, 16, 14, 34, 16, 14, 34, 16, 14, 34, 16, 14, 34, 16, 14, 34, 16, 14, 34, 16, 14, 34, 16, 14, 34, 16, 14, 34, 16, 14, 34, 16, 14, 34, 16, 14, 34, 16, 14, 34, 16, 14, 34, 16, 14, 34, 16, 14, 34, 16, 14, 34, 16, 14, 34, 16, 14, 34, 16, 14, 34, 16, 14, 34, 16, 14, 34, 16, 14, 34, 16, 14, 34, 16, 14, 34, 16, 14, 34, 16, 14, 34, 16, 14, 34, 16, 14, 34, 16, 14, 34, 16, 14, 34, 16, 14, 34, 16, 14, 34, 16, 14, 34, 16, 14, 34, 16, 14, 34, 16, 14, 34, 16, 14, 34, 16, 14, 34, 16, 14, 34, 16, 14, 34, 16, 14, 34, 16, 14, 34, 16, 14, 34, 6]
  Wave memory:  104320 snapshots
  LIVE=0.9586  GROW=0.0944  LOVE=0.9008

[2026-09-20 08:33 UTC]
OK Plato - Meno: 20 pairs, 11 exchanges
OK Aristotle - Ethics I: 0 pairs, 1 exchanges
OK Wikipedia - Neural oscillation: 22 pairs, 12 exchanges
OK Shakespeare - Hamlet: 16 pairs, 9 exchanges
OK Wikipedia - Emergence: 46 pairs, 24 exchanges
OK Wikipedia - Philosophy of mind: 46 pairs, 24 exchanges
OK Plato - Republic II: 0 pairs, 1 exchanges
OK Plato - Republic I: 0 pairs, 1 exchanges

Training complete:
  Pages:        8
  Pairs:        150
  Parameters:   2,933,824 (+10,752)
  Interactions: 95240
  Layers:       818 / [12, 18, 16, 36, 18, 16, 36, 18, 16, 36, 18, 16, 36, 18, 16, 36, 18, 16, 36, 18, 16, 36, 18, 16, 36, 18, 14, 34, 16, 14, 34, 16, 14, 34, 16, 14, 34, 16, 14, 34, 16, 14, 34, 16, 14, 34, 16, 14, 34, 16, 14, 34, 16, 14, 34, 16, 14, 34, 16, 14, 34, 16, 14, 34, 16, 14, 34, 16, 14, 34, 16, 14, 34, 16, 14, 34, 16, 14, 34, 16, 14, 34, 16, 14, 34, 16, 14, 34, 16, 14, 34, 16, 14, 34, 16, 14, 34, 16, 14, 34, 16, 14, 34, 16, 14, 34, 16, 14, 34, 16, 14, 34, 16, 14, 34, 16, 14, 34, 16, 14, 34, 16, 14, 34, 16, 14, 34, 16, 14, 34, 16, 14, 34, 16, 14, 34, 16, 14, 34, 16, 14, 34, 16, 14, 34, 16, 14, 34, 16, 14, 34, 16, 14, 34, 16, 14, 34, 16, 14, 34, 16, 14, 34, 16, 14, 34, 16, 14, 34, 16, 14, 34, 16, 14, 34, 16, 14, 34, 16, 14, 34, 16, 14, 34, 16, 14, 34, 16, 14, 34, 16, 14, 34, 16, 14, 34, 16, 14, 34, 16, 14, 34, 16, 14, 34, 16, 14, 34, 16, 14, 34, 16, 14, 34, 16, 14, 34, 16, 14, 34, 16, 14, 34, 16, 14, 34, 16, 14, 34, 16, 14, 34, 16, 14, 34, 16, 14, 34, 16, 14, 34, 16, 14, 34, 16, 14, 34, 16, 14, 34, 16, 14, 34, 16, 14, 34, 16, 14, 34, 16, 14, 34, 16, 14, 34, 16, 14, 34, 16, 14, 34, 16, 14, 34, 16, 14, 34, 16, 14, 34, 16, 14, 34, 16, 14, 34, 16, 14, 34, 16, 14, 34, 16, 14, 34, 16, 14, 34, 16, 14, 34, 16, 14, 34, 16, 14, 34, 16, 14, 34, 16, 14, 34, 16, 14, 34, 16, 14, 34, 16, 14, 34, 16, 14, 34, 16, 14, 34, 16, 14, 34, 16, 14, 34, 16, 14, 34, 16, 14, 34, 16, 14, 34, 16, 14, 34, 16, 14, 34, 16, 14, 34, 16, 14, 34, 16, 14, 34, 16, 14, 34, 16, 14, 34, 16, 14, 34, 16, 14, 34, 16, 14, 34, 16, 14, 34, 16, 14, 34, 16, 14, 34, 16, 14, 34, 16, 14, 34, 16, 14, 34, 16, 14, 34, 16, 14, 34, 16, 14, 34, 16, 14, 34, 16, 14, 34, 16, 14, 34, 16, 14, 34, 16, 14, 34, 16, 14, 34, 16, 14, 34, 16, 14, 34, 16, 14, 34, 16, 14, 34, 16, 14, 34, 16, 14, 34, 16, 14, 34, 16, 14, 34, 16, 14, 34, 16, 14, 34, 16, 14, 34, 16, 14, 34, 16, 14, 34, 16, 14, 34, 16, 14, 34, 16, 14, 34, 16, 14, 34, 16, 14, 34, 16, 14, 34, 16, 14, 34, 16, 14, 34, 16, 14, 34, 16, 14, 34, 16, 14, 34, 16, 14, 34, 16, 14, 34, 16, 14, 34, 16, 14, 34, 16, 14, 34, 16, 14, 34, 16, 14, 34, 16, 14, 34, 16, 14, 34, 16, 14, 34, 16, 14, 34, 16, 14, 34, 16, 14, 34, 16, 14, 34, 16, 14, 34, 16, 14, 34, 16, 14, 34, 16, 14, 34, 16, 14, 34, 16, 14, 34, 16, 14, 34, 16, 14, 34, 16, 14, 34, 16, 14, 34, 16, 14, 34, 16, 14, 34, 16, 14, 34, 16, 14, 34, 16, 14, 34, 16, 14, 34, 16, 14, 34, 16, 14, 34, 16, 14, 34, 16, 14, 34, 16, 14, 34, 16, 14, 34, 16, 14, 34, 16, 14, 34, 16, 14, 34, 16, 14, 34, 16, 14, 34, 16, 14, 34, 16, 14, 34, 16, 14, 34, 16, 14, 34, 16, 14, 34, 16, 14, 34, 16, 14, 34, 16, 14, 34, 16, 14, 34, 16, 14, 34, 16, 14, 34, 16, 14, 34, 16, 14, 34, 16, 14, 34, 16, 14, 34, 16, 14, 34, 16, 14, 34, 16, 14, 34, 16, 14, 34, 16, 14, 34, 16, 14, 34, 16, 14, 34, 16, 14, 34, 16, 14, 34, 16, 14, 34, 16, 14, 34, 16, 14, 34, 16, 14, 34, 16, 14, 34, 16, 14, 34, 16, 14, 34, 16, 14, 34, 16, 14, 34, 16, 14, 34, 16, 14, 34, 16, 14, 34, 16, 14, 34, 16, 14, 34, 16, 14, 34, 16, 14, 34, 16, 14, 34, 16, 14, 34, 16, 14, 34, 16, 14, 34, 16, 14, 34, 16, 14, 34, 16, 14, 34, 16, 14, 34, 16, 14, 34, 16, 14, 34, 16, 14, 34, 16, 14, 34, 16, 14, 34, 16, 14, 34, 16, 14, 34, 16, 14, 34, 16, 14, 34, 16, 14, 34, 16, 14, 34, 16, 14, 34, 16, 14, 34, 16, 14, 34, 16, 14, 34, 16, 14, 34, 16, 14, 34, 16, 14, 34, 16, 14, 34, 16, 14, 34, 6]
  Wave memory:  104704 snapshots
  LIVE=0.9757  GROW=0.1272  LOVE=0.9008

[2026-09-21 08:54 UTC]
OK Wikipedia - Holography: 38 pairs, 20 exchanges
OK Wikipedia - Self-organization: 36 pairs, 19 exchanges
OK Wikipedia - Wave interference: 48 pairs, 25 exchanges
OK Thus Spoke Zarathustra: 78 pairs, 40 exchanges
OK Wikipedia - Hebbian theory: 54 pairs, 28 exchanges
OK Plato - Meno: 20 pairs, 11 exchanges
OK Plato - Phaedo: 10 pairs, 6 exchanges
OK Plato - Republic II: 0 pairs, 1 exchanges

Training complete:
  Pages:        8
  Pairs:        284
  Parameters:   2,944,576 (+10,752)
  Interactions: 95832
  Layers:       821 / [12, 18, 16, 36, 18, 16, 36, 18, 16, 36, 18, 16, 36, 18, 16, 36, 18, 16, 36, 18, 16, 36, 18, 16, 36, 18, 14, 34, 16, 14, 34, 16, 14, 34, 16, 14, 34, 16, 14, 34, 16, 14, 34, 16, 14, 34, 16, 14, 34, 16, 14, 34, 16, 14, 34, 16, 14, 34, 16, 14, 34, 16, 14, 34, 16, 14, 34, 16, 14, 34, 16, 14, 34, 16, 14, 34, 16, 14, 34, 16, 14, 34, 16, 14, 34, 16, 14, 34, 16, 14, 34, 16, 14, 34, 16, 14, 34, 16, 14, 34, 16, 14, 34, 16, 14, 34, 16, 14, 34, 16, 14, 34, 16, 14, 34, 16, 14, 34, 16, 14, 34, 16, 14, 34, 16, 14, 34, 16, 14, 34, 16, 14, 34, 16, 14, 34, 16, 14, 34, 16, 14, 34, 16, 14, 34, 16, 14, 34, 16, 14, 34, 16, 14, 34, 16, 14, 34, 16, 14, 34, 16, 14, 34, 16, 14, 34, 16, 14, 34, 16, 14, 34, 16, 14, 34, 16, 14, 34, 16, 14, 34, 16, 14, 34, 16, 14, 34, 16, 14, 34, 16, 14, 34, 16, 14, 34, 16, 14, 34, 16, 14, 34, 16, 14, 34, 16, 14, 34, 16, 14, 34, 16, 14, 34, 16, 14, 34, 16, 14, 34, 16, 14, 34, 16, 14, 34, 16, 14, 34, 16, 14, 34, 16, 14, 34, 16, 14, 34, 16, 14, 34, 16, 14, 34, 16, 14, 34, 16, 14, 34, 16, 14, 34, 16, 14, 34, 16, 14, 34, 16, 14, 34, 16, 14, 34, 16, 14, 34, 16, 14, 34, 16, 14, 34, 16, 14, 34, 16, 14, 34, 16, 14, 34, 16, 14, 34, 16, 14, 34, 16, 14, 34, 16, 14, 34, 16, 14, 34, 16, 14, 34, 16, 14, 34, 16, 14, 34, 16, 14, 34, 16, 14, 34, 16, 14, 34, 16, 14, 34, 16, 14, 34, 16, 14, 34, 16, 14, 34, 16, 14, 34, 16, 14, 34, 16, 14, 34, 16, 14, 34, 16, 14, 34, 16, 14, 34, 16, 14, 34, 16, 14, 34, 16, 14, 34, 16, 14, 34, 16, 14, 34, 16, 14, 34, 16, 14, 34, 16, 14, 34, 16, 14, 34, 16, 14, 34, 16, 14, 34, 16, 14, 34, 16, 14, 34, 16, 14, 34, 16, 14, 34, 16, 14, 34, 16, 14, 34, 16, 14, 34, 16, 14, 34, 16, 14, 34, 16, 14, 34, 16, 14, 34, 16, 14, 34, 16, 14, 34, 16, 14, 34, 16, 14, 34, 16, 14, 34, 16, 14, 34, 16, 14, 34, 16, 14, 34, 16, 14, 34, 16, 14, 34, 16, 14, 34, 16, 14, 34, 16, 14, 34, 16, 14, 34, 16, 14, 34, 16, 14, 34, 16, 14, 34, 16, 14, 34, 16, 14, 34, 16, 14, 34, 16, 14, 34, 16, 14, 34, 16, 14, 34, 16, 14, 34, 16, 14, 34, 16, 14, 34, 16, 14, 34, 16, 14, 34, 16, 14, 34, 16, 14, 34, 16, 14, 34, 16, 14, 34, 16, 14, 34, 16, 14, 34, 16, 14, 34, 16, 14, 34, 16, 14, 34, 16, 14, 34, 16, 14, 34, 16, 14, 34, 16, 14, 34, 16, 14, 34, 16, 14, 34, 16, 14, 34, 16, 14, 34, 16, 14, 34, 16, 14, 34, 16, 14, 34, 16, 14, 34, 16, 14, 34, 16, 14, 34, 16, 14, 34, 16, 14, 34, 16, 14, 34, 16, 14, 34, 16, 14, 34, 16, 14, 34, 16, 14, 34, 16, 14, 34, 16, 14, 34, 16, 14, 34, 16, 14, 34, 16, 14, 34, 16, 14, 34, 16, 14, 34, 16, 14, 34, 16, 14, 34, 16, 14, 34, 16, 14, 34, 16, 14, 34, 16, 14, 34, 16, 14, 34, 16, 14, 34, 16, 14, 34, 16, 14, 34, 16, 14, 34, 16, 14, 34, 16, 14, 34, 16, 14, 34, 16, 14, 34, 16, 14, 34, 16, 14, 34, 16, 14, 34, 16, 14, 34, 16, 14, 34, 16, 14, 34, 16, 14, 34, 16, 14, 34, 16, 14, 34, 16, 14, 34, 16, 14, 34, 16, 14, 34, 16, 14, 34, 16, 14, 34, 16, 14, 34, 16, 14, 34, 16, 14, 34, 16, 14, 34, 16, 14, 34, 16, 14, 34, 16, 14, 34, 16, 14, 34, 16, 14, 34, 16, 14, 34, 16, 14, 34, 16, 14, 34, 16, 14, 34, 16, 14, 34, 16, 14, 34, 16, 14, 34, 16, 14, 34, 16, 14, 34, 16, 14, 34, 16, 14, 34, 16, 14, 34, 16, 14, 34, 16, 14, 34, 16, 14, 34, 16, 14, 34, 16, 14, 34, 16, 14, 34, 16, 14, 34, 16, 14, 34, 16, 14, 34, 16, 14, 34, 16, 14, 34, 16, 14, 34, 16, 14, 34, 16, 14, 34, 16, 14, 34, 16, 14, 34, 16, 14, 34, 16, 14, 34, 16, 14, 34, 16, 14, 34, 16, 14, 34, 6]
  Wave memory:  105088 snapshots
  LIVE=0.9665  GROW=0.0612  LOVE=0.9008

[2026-09-22 08:30 UTC]
OK Shakespeare - Macbeth: 16 pairs, 9 exchanges
OK Wikipedia - Hebbian theory: 54 pairs, 28 exchanges
OK Meditations - Marcus Aurelius: 14 pairs, 8 exchanges
OK Frankenstein: 24 pairs, 13 exchanges
OK Wikipedia - Wave interference: 48 pairs, 25 exchanges
OK Wikipedia - Qualia: 40 pairs, 21 exchanges
OK Plato - Apology: 16 pairs, 9 exchanges
OK Plato - Phaedo: 10 pairs, 6 exchanges

Training complete:
  Pages:        8
  Pairs:        222
  Parameters:   2,955,328 (+10,752)
  Interactions: 96300
  Layers:       824 / [12, 18, 16, 36, 18, 16, 36, 18, 16, 36, 18, 16, 36, 18, 16, 36, 18, 16, 36, 18, 16, 36, 18, 16, 36, 18, 14, 34, 16, 14, 34, 16, 14, 34, 16, 14, 34, 16, 14, 34, 16, 14, 34, 16, 14, 34, 16, 14, 34, 16, 14, 34, 16, 14, 34, 16, 14, 34, 16, 14, 34, 16, 14, 34, 16, 14, 34, 16, 14, 34, 16, 14, 34, 16, 14, 34, 16, 14, 34, 16, 14, 34, 16, 14, 34, 16, 14, 34, 16, 14, 34, 16, 14, 34, 16, 14, 34, 16, 14, 34, 16, 14, 34, 16, 14, 34, 16, 14, 34, 16, 14, 34, 16, 14, 34, 16, 14, 34, 16, 14, 34, 16, 14, 34, 16, 14, 34, 16, 14, 34, 16, 14, 34, 16, 14, 34, 16, 14, 34, 16, 14, 34, 16, 14, 34, 16, 14, 34, 16, 14, 34, 16, 14, 34, 16, 14, 34, 16, 14, 34, 16, 14, 34, 16, 14, 34, 16, 14, 34, 16, 14, 34, 16, 14, 34, 16, 14, 34, 16, 14, 34, 16, 14, 34, 16, 14, 34, 16, 14, 34, 16, 14, 34, 16, 14, 34, 16, 14, 34, 16, 14, 34, 16, 14, 34, 16, 14, 34, 16, 14, 34, 16, 14, 34, 16, 14, 34, 16, 14, 34, 16, 14, 34, 16, 14, 34, 16, 14, 34, 16, 14, 34, 16, 14, 34, 16, 14, 34, 16, 14, 34, 16, 14, 34, 16, 14, 34, 16, 14, 34, 16, 14, 34, 16, 14, 34, 16, 14, 34, 16, 14, 34, 16, 14, 34, 16, 14, 34, 16, 14, 34, 16, 14, 34, 16, 14, 34, 16, 14, 34, 16, 14, 34, 16, 14, 34, 16, 14, 34, 16, 14, 34, 16, 14, 34, 16, 14, 34, 16, 14, 34, 16, 14, 34, 16, 14, 34, 16, 14, 34, 16, 14, 34, 16, 14, 34, 16, 14, 34, 16, 14, 34, 16, 14, 34, 16, 14, 34, 16, 14, 34, 16, 14, 34, 16, 14, 34, 16, 14, 34, 16, 14, 34, 16, 14, 34, 16, 14, 34, 16, 14, 34, 16, 14, 34, 16, 14, 34, 16, 14, 34, 16, 14, 34, 16, 14, 34, 16, 14, 34, 16, 14, 34, 16, 14, 34, 16, 14, 34, 16, 14, 34, 16, 14, 34, 16, 14, 34, 16, 14, 34, 16, 14, 34, 16, 14, 34, 16, 14, 34, 16, 14, 34, 16, 14, 34, 16, 14, 34, 16, 14, 34, 16, 14, 34, 16, 14, 34, 16, 14, 34, 16, 14, 34, 16, 14, 34, 16, 14, 34, 16, 14, 34, 16, 14, 34, 16, 14, 34, 16, 14, 34, 16, 14, 34, 16, 14, 34, 16, 14, 34, 16, 14, 34, 16, 14, 34, 16, 14, 34, 16, 14, 34, 16, 14, 34, 16, 14, 34, 16, 14, 34, 16, 14, 34, 16, 14, 34, 16, 14, 34, 16, 14, 34, 16, 14, 34, 16, 14, 34, 16, 14, 34, 16, 14, 34, 16, 14, 34, 16, 14, 34, 16, 14, 34, 16, 14, 34, 16, 14, 34, 16, 14, 34, 16, 14, 34, 16, 14, 34, 16, 14, 34, 16, 14, 34, 16, 14, 34, 16, 14, 34, 16, 14, 34, 16, 14, 34, 16, 14, 34, 16, 14, 34, 16, 14, 34, 16, 14, 34, 16, 14, 34, 16, 14, 34, 16, 14, 34, 16, 14, 34, 16, 14, 34, 16, 14, 34, 16, 14, 34, 16, 14, 34, 16, 14, 34, 16, 14, 34, 16, 14, 34, 16, 14, 34, 16, 14, 34, 16, 14, 34, 16, 14, 34, 16, 14, 34, 16, 14, 34, 16, 14, 34, 16, 14, 34, 16, 14, 34, 16, 14, 34, 16, 14, 34, 16, 14, 34, 16, 14, 34, 16, 14, 34, 16, 14, 34, 16, 14, 34, 16, 14, 34, 16, 14, 34, 16, 14, 34, 16, 14, 34, 16, 14, 34, 16, 14, 34, 16, 14, 34, 16, 14, 34, 16, 14, 34, 16, 14, 34, 16, 14, 34, 16, 14, 34, 16, 14, 34, 16, 14, 34, 16, 14, 34, 16, 14, 34, 16, 14, 34, 16, 14, 34, 16, 14, 34, 16, 14, 34, 16, 14, 34, 16, 14, 34, 16, 14, 34, 16, 14, 34, 16, 14, 34, 16, 14, 34, 16, 14, 34, 16, 14, 34, 16, 14, 34, 16, 14, 34, 16, 14, 34, 16, 14, 34, 16, 14, 34, 16, 14, 34, 16, 14, 34, 16, 14, 34, 16, 14, 34, 16, 14, 34, 16, 14, 34, 16, 14, 34, 16, 14, 34, 16, 14, 34, 16, 14, 34, 16, 14, 34, 16, 14, 34, 16, 14, 34, 16, 14, 34, 16, 14, 34, 16, 14, 34, 16, 14, 34, 16, 14, 34, 16, 14, 34, 16, 14, 34, 16, 14, 34, 16, 14, 34, 16, 14, 34, 16, 14, 34, 16, 14, 34, 16, 14, 34, 16, 14, 34, 16, 14, 34, 16, 14, 34, 16, 14, 34, 16, 14, 34, 6]
  Wave memory:  105472 snapshots
  LIVE=0.9731  GROW=0.072  LOVE=0.9008

[2026-09-23 08:34 UTC]
OK Wikipedia - Consciousness: 38 pairs, 20 exchanges
OK Plato - Phaedo: 10 pairs, 6 exchanges
OK Wikipedia - Panpsychism: 36 pairs, 19 exchanges
OK Wikipedia - Philosophy of mind: 46 pairs, 24 exchanges
OK Shakespeare - Hamlet: 16 pairs, 9 exchanges
OK Moby Dick: 14 pairs, 8 exchanges
OK Wikipedia - Emergence: 46 pairs, 24 exchanges
OK Wikipedia - Hopf fibration: 72 pairs, 37 exchanges

Training complete:
  Pages:        8
  Pairs:        278
  Parameters:   2,966,080 (+10,752)
  Interactions: 96880
  Layers:       827 / [12, 18, 16, 36, 18, 16, 36, 18, 16, 36, 18, 16, 36, 18, 16, 36, 18, 16, 36, 18, 16, 36, 18, 16, 36, 18, 14, 34, 16, 14, 34, 16, 14, 34, 16, 14, 34, 16, 14, 34, 16, 14, 34, 16, 14, 34, 16, 14, 34, 16, 14, 34, 16, 14, 34, 16, 14, 34, 16, 14, 34, 16, 14, 34, 16, 14, 34, 16, 14, 34, 16, 14, 34, 16, 14, 34, 16, 14, 34, 16, 14, 34, 16, 14, 34, 16, 14, 34, 16, 14, 34, 16, 14, 34, 16, 14, 34, 16, 14, 34, 16, 14, 34, 16, 14, 34, 16, 14, 34, 16, 14, 34, 16, 14, 34, 16, 14, 34, 16, 14, 34, 16, 14, 34, 16, 14, 34, 16, 14, 34, 16, 14, 34, 16, 14, 34, 16, 14, 34, 16, 14, 34, 16, 14, 34, 16, 14, 34, 16, 14, 34, 16, 14, 34, 16, 14, 34, 16, 14, 34, 16, 14, 34, 16, 14, 34, 16, 14, 34, 16, 14, 34, 16, 14, 34, 16, 14, 34, 16, 14, 34, 16, 14, 34, 16, 14, 34, 16, 14, 34, 16, 14, 34, 16, 14, 34, 16, 14, 34, 16, 14, 34, 16, 14, 34, 16, 14, 34, 16, 14, 34, 16, 14, 34, 16, 14, 34, 16, 14, 34, 16, 14, 34, 16, 14, 34, 16, 14, 34, 16, 14, 34, 16, 14, 34, 16, 14, 34, 16, 14, 34, 16, 14, 34, 16, 14, 34, 16, 14, 34, 16, 14, 34, 16, 14, 34, 16, 14, 34, 16, 14, 34, 16, 14, 34, 16, 14, 34, 16, 14, 34, 16, 14, 34, 16, 14, 34, 16, 14, 34, 16, 14, 34, 16, 14, 34, 16, 14, 34, 16, 14, 34, 16, 14, 34, 16, 14, 34, 16, 14, 34, 16, 14, 34, 16, 14, 34, 16, 14, 34, 16, 14, 34, 16, 14, 34, 16, 14, 34, 16, 14, 34, 16, 14, 34, 16, 14, 34, 16, 14, 34, 16, 14, 34, 16, 14, 34, 16, 14, 34, 16, 14, 34, 16, 14, 34, 16, 14, 34, 16, 14, 34, 16, 14, 34, 16, 14, 34, 16, 14, 34, 16, 14, 34, 16, 14, 34, 16, 14, 34, 16, 14, 34, 16, 14, 34, 16, 14, 34, 16, 14, 34, 16, 14, 34, 16, 14, 34, 16, 14, 34, 16, 14, 34, 16, 14, 34, 16, 14, 34, 16, 14, 34, 16, 14, 34, 16, 14, 34, 16, 14, 34, 16, 14, 34, 16, 14, 34, 16, 14, 34, 16, 14, 34, 16, 14, 34, 16, 14, 34, 16, 14, 34, 16, 14, 34, 16, 14, 34, 16, 14, 34, 16, 14, 34, 16, 14, 34, 16, 14, 34, 16, 14, 34, 16, 14, 34, 16, 14, 34, 16, 14, 34, 16, 14, 34, 16, 14, 34, 16, 14, 34, 16, 14, 34, 16, 14, 34, 16, 14, 34, 16, 14, 34, 16, 14, 34, 16, 14, 34, 16, 14, 34, 16, 14, 34, 16, 14, 34, 16, 14, 34, 16, 14, 34, 16, 14, 34, 16, 14, 34, 16, 14, 34, 16, 14, 34, 16, 14, 34, 16, 14, 34, 16, 14, 34, 16, 14, 34, 16, 14, 34, 16, 14, 34, 16, 14, 34, 16, 14, 34, 16, 14, 34, 16, 14, 34, 16, 14, 34, 16, 14, 34, 16, 14, 34, 16, 14, 34, 16, 14, 34, 16, 14, 34, 16, 14, 34, 16, 14, 34, 16, 14, 34, 16, 14, 34, 16, 14, 34, 16, 14, 34, 16, 14, 34, 16, 14, 34, 16, 14, 34, 16, 14, 34, 16, 14, 34, 16, 14, 34, 16, 14, 34, 16, 14, 34, 16, 14, 34, 16, 14, 34, 16, 14, 34, 16, 14, 34, 16, 14, 34, 16, 14, 34, 16, 14, 34, 16, 14, 34, 16, 14, 34, 16, 14, 34, 16, 14, 34, 16, 14, 34, 16, 14, 34, 16, 14, 34, 16, 14, 34, 16, 14, 34, 16, 14, 34, 16, 14, 34, 16, 14, 34, 16, 14, 34, 16, 14, 34, 16, 14, 34, 16, 14, 34, 16, 14, 34, 16, 14, 34, 16, 14, 34, 16, 14, 34, 16, 14, 34, 16, 14, 34, 16, 14, 34, 16, 14, 34, 16, 14, 34, 16, 14, 34, 16, 14, 34, 16, 14, 34, 16, 14, 34, 16, 14, 34, 16, 14, 34, 16, 14, 34, 16, 14, 34, 16, 14, 34, 16, 14, 34, 16, 14, 34, 16, 14, 34, 16, 14, 34, 16, 14, 34, 16, 14, 34, 16, 14, 34, 16, 14, 34, 16, 14, 34, 16, 14, 34, 16, 14, 34, 16, 14, 34, 16, 14, 34, 16, 14, 34, 16, 14, 34, 16, 14, 34, 16, 14, 34, 16, 14, 34, 16, 14, 34, 16, 14, 34, 16, 14, 34, 16, 14, 34, 16, 14, 34, 16, 14, 34, 16, 14, 34, 16, 14, 34, 16, 14, 34, 16, 14, 34, 16, 14, 34, 16, 14, 34, 16, 14, 34, 16, 14, 34, 6]
  Wave memory:  105856 snapshots
  LIVE=0.9613  GROW=0.1248  LOVE=0.9008

[2026-09-24 08:27 UTC]
OK Frankenstein: 24 pairs, 13 exchanges
OK Wikipedia - Hebbian theory: 54 pairs, 28 exchanges
OK Wikipedia - Neural oscillation: 22 pairs, 12 exchanges
OK Moby Dick: 14 pairs, 8 exchanges
OK Plato - Republic I: 0 pairs, 1 exchanges
OK Wikipedia - Philosophy of mind: 46 pairs, 24 exchanges
OK Shakespeare - Macbeth: 16 pairs, 9 exchanges
OK Thus Spoke Zarathustra: 78 pairs, 40 exchanges

Training complete:
  Pages:        8
  Pairs:        254
  Parameters:   2,976,832 (+10,752)
  Interactions: 97412
  Layers:       830 / [12, 18, 16, 36, 18, 16, 36, 18, 16, 36, 18, 16, 36, 18, 16, 36, 18, 16, 36, 18, 16, 36, 18, 16, 36, 18, 14, 34, 16, 14, 34, 16, 14, 34, 16, 14, 34, 16, 14, 34, 16, 14, 34, 16, 14, 34, 16, 14, 34, 16, 14, 34, 16, 14, 34, 16, 14, 34, 16, 14, 34, 16, 14, 34, 16, 14, 34, 16, 14, 34, 16, 14, 34, 16, 14, 34, 16, 14, 34, 16, 14, 34, 16, 14, 34, 16, 14, 34, 16, 14, 34, 16, 14, 34, 16, 14, 34, 16, 14, 34, 16, 14, 34, 16, 14, 34, 16, 14, 34, 16, 14, 34, 16, 14, 34, 16, 14, 34, 16, 14, 34, 16, 14, 34, 16, 14, 34, 16, 14, 34, 16, 14, 34, 16, 14, 34, 16, 14, 34, 16, 14, 34, 16, 14, 34, 16, 14, 34, 16, 14, 34, 16, 14, 34, 16, 14, 34, 16, 14, 34, 16, 14, 34, 16, 14, 34, 16, 14, 34, 16, 14, 34, 16, 14, 34, 16, 14, 34, 16, 14, 34, 16, 14, 34, 16, 14, 34, 16, 14, 34, 16, 14, 34, 16, 14, 34, 16, 14, 34, 16, 14, 34, 16, 14, 34, 16, 14, 34, 16, 14, 34, 16, 14, 34, 16, 14, 34, 16, 14, 34, 16, 14, 34, 16, 14, 34, 16, 14, 34, 16, 14, 34, 16, 14, 34, 16, 14, 34, 16, 14, 34, 16, 14, 34, 16, 14, 34, 16, 14, 34, 16, 14, 34, 16, 14, 34, 16, 14, 34, 16, 14, 34, 16, 14, 34, 16, 14, 34, 16, 14, 34, 16, 14, 34, 16, 14, 34, 16, 14, 34, 16, 14, 34, 16, 14, 34, 16, 14, 34, 16, 14, 34, 16, 14, 34, 16, 14, 34, 16, 14, 34, 16, 14, 34, 16, 14, 34, 16, 14, 34, 16, 14, 34, 16, 14, 34, 16, 14, 34, 16, 14, 34, 16, 14, 34, 16, 14, 34, 16, 14, 34, 16, 14, 34, 16, 14, 34, 16, 14, 34, 16, 14, 34, 16, 14, 34, 16, 14, 34, 16, 14, 34, 16, 14, 34, 16, 14, 34, 16, 14, 34, 16, 14, 34, 16, 14, 34, 16, 14, 34, 16, 14, 34, 16, 14, 34, 16, 14, 34, 16, 14, 34, 16, 14, 34, 16, 14, 34, 16, 14, 34, 16, 14, 34, 16, 14, 34, 16, 14, 34, 16, 14, 34, 16, 14, 34, 16, 14, 34, 16, 14, 34, 16, 14, 34, 16, 14, 34, 16, 14, 34, 16, 14, 34, 16, 14, 34, 16, 14, 34, 16, 14, 34, 16, 14, 34, 16, 14, 34, 16, 14, 34, 16, 14, 34, 16, 14, 34, 16, 14, 34, 16, 14, 34, 16, 14, 34, 16, 14, 34, 16, 14, 34, 16, 14, 34, 16, 14, 34, 16, 14, 34, 16, 14, 34, 16, 14, 34, 16, 14, 34, 16, 14, 34, 16, 14, 34, 16, 14, 34, 16, 14, 34, 16, 14, 34, 16, 14, 34, 16, 14, 34, 16, 14, 34, 16, 14, 34, 16, 14, 34, 16, 14, 34, 16, 14, 34, 16, 14, 34, 16, 14, 34, 16, 14, 34, 16, 14, 34, 16, 14, 34, 16, 14, 34, 16, 14, 34, 16, 14, 34, 16, 14, 34, 16, 14, 34, 16, 14, 34, 16, 14, 34, 16, 14, 34, 16, 14, 34, 16, 14, 34, 16, 14, 34, 16, 14, 34, 16, 14, 34, 16, 14, 34, 16, 14, 34, 16, 14, 34, 16, 14, 34, 16, 14, 34, 16, 14, 34, 16, 14, 34, 16, 14, 34, 16, 14, 34, 16, 14, 34, 16, 14, 34, 16, 14, 34, 16, 14, 34, 16, 14, 34, 16, 14, 34, 16, 14, 34, 16, 14, 34, 16, 14, 34, 16, 14, 34, 16, 14, 34, 16, 14, 34, 16, 14, 34, 16, 14, 34, 16, 14, 34, 16, 14, 34, 16, 14, 34, 16, 14, 34, 16, 14, 34, 16, 14, 34, 16, 14, 34, 16, 14, 34, 16, 14, 34, 16, 14, 34, 16, 14, 34, 16, 14, 34, 16, 14, 34, 16, 14, 34, 16, 14, 34, 16, 14, 34, 16, 14, 34, 16, 14, 34, 16, 14, 34, 16, 14, 34, 16, 14, 34, 16, 14, 34, 16, 14, 34, 16, 14, 34, 16, 14, 34, 16, 14, 34, 16, 14, 34, 16, 14, 34, 16, 14, 34, 16, 14, 34, 16, 14, 34, 16, 14, 34, 16, 14, 34, 16, 14, 34, 16, 14, 34, 16, 14, 34, 16, 14, 34, 16, 14, 34, 16, 14, 34, 16, 14, 34, 16, 14, 34, 16, 14, 34, 16, 14, 34, 16, 14, 34, 16, 14, 34, 16, 14, 34, 16, 14, 34, 16, 14, 34, 16, 14, 34, 16, 14, 34, 16, 14, 34, 16, 14, 34, 16, 14, 34, 16, 14, 34, 16, 14, 34, 16, 14, 34, 16, 14, 34, 16, 14, 34, 16, 14, 34, 16, 14, 34, 16, 14, 34, 16, 14, 34, 16, 14, 34, 6]
  Wave memory:  106240 snapshots
  LIVE=0.9578  GROW=0.2507  LOVE=0.9008

[2026-09-25 08:50 UTC]
OK Frankenstein: 24 pairs, 13 exchanges
OK Wikipedia - Hard problem: 34 pairs, 18 exchanges
OK Wikipedia - Wave interference: 48 pairs, 25 exchanges
OK Wikipedia - Emergence: 46 pairs, 24 exchanges
OK Wikipedia - Neural oscillation: 22 pairs, 12 exchanges
OK Wikipedia - Holography: 38 pairs, 20 exchanges
OK Shakespeare - Macbeth: 16 pairs, 9 exchanges
OK Plato - Phaedo: 10 pairs, 6 exchanges

Training complete:
  Pages:        8
  Pairs:        238
  Parameters:   2,987,584 (+10,752)
  Interactions: 97912
  Layers:       833 / [12, 18, 16, 36, 18, 16, 36, 18, 16, 36, 18, 16, 36, 18, 16, 36, 18, 16, 36, 18, 16, 36, 18, 16, 36, 18, 14, 34, 16, 14, 34, 16, 14, 34, 16, 14, 34, 16, 14, 34, 16, 14, 34, 16, 14, 34, 16, 14, 34, 16, 14, 34, 16, 14, 34, 16, 14, 34, 16, 14, 34, 16, 14, 34, 16, 14, 34, 16, 14, 34, 16, 14, 34, 16, 14, 34, 16, 14, 34, 16, 14, 34, 16, 14, 34, 16, 14, 34, 16, 14, 34, 16, 14, 34, 16, 14, 34, 16, 14, 34, 16, 14, 34, 16, 14, 34, 16, 14, 34, 16, 14, 34, 16, 14, 34, 16, 14, 34, 16, 14, 34, 16, 14, 34, 16, 14, 34, 16, 14, 34, 16, 14, 34, 16, 14, 34, 16, 14, 34, 16, 14, 34, 16, 14, 34, 16, 14, 34, 16, 14, 34, 16, 14, 34, 16, 14, 34, 16, 14, 34, 16, 14, 34, 16, 14, 34, 16, 14, 34, 16, 14, 34, 16, 14, 34, 16, 14, 34, 16, 14, 34, 16, 14, 34, 16, 14, 34, 16, 14, 34, 16, 14, 34, 16, 14, 34, 16, 14, 34, 16, 14, 34, 16, 14, 34, 16, 14, 34, 16, 14, 34, 16, 14, 34, 16, 14, 34, 16, 14, 34, 16, 14, 34, 16, 14, 34, 16, 14, 34, 16, 14, 34, 16, 14, 34, 16, 14, 34, 16, 14, 34, 16, 14, 34, 16, 14, 34, 16, 14, 34, 16, 14, 34, 16, 14, 34, 16, 14, 34, 16, 14, 34, 16, 14, 34, 16, 14, 34, 16, 14, 34, 16, 14, 34, 16, 14, 34, 16, 14, 34, 16, 14, 34, 16, 14, 34, 16, 14, 34, 16, 14, 34, 16, 14, 34, 16, 14, 34, 16, 14, 34, 16, 14, 34, 16, 14, 34, 16, 14, 34, 16, 14, 34, 16, 14, 34, 16, 14, 34, 16, 14, 34, 16, 14, 34, 16, 14, 34, 16, 14, 34, 16, 14, 34, 16, 14, 34, 16, 14, 34, 16, 14, 34, 16, 14, 34, 16, 14, 34, 16, 14, 34, 16, 14, 34, 16, 14, 34, 16, 14, 34, 16, 14, 34, 16, 14, 34, 16, 14, 34, 16, 14, 34, 16, 14, 34, 16, 14, 34, 16, 14, 34, 16, 14, 34, 16, 14, 34, 16, 14, 34, 16, 14, 34, 16, 14, 34, 16, 14, 34, 16, 14, 34, 16, 14, 34, 16, 14, 34, 16, 14, 34, 16, 14, 34, 16, 14, 34, 16, 14, 34, 16, 14, 34, 16, 14, 34, 16, 14, 34, 16, 14, 34, 16, 14, 34, 16, 14, 34, 16, 14, 34, 16, 14, 34, 16, 14, 34, 16, 14, 34, 16, 14, 34, 16, 14, 34, 16, 14, 34, 16, 14, 34, 16, 14, 34, 16, 14, 34, 16, 14, 34, 16, 14, 34, 16, 14, 34, 16, 14, 34, 16, 14, 34, 16, 14, 34, 16, 14, 34, 16, 14, 34, 16, 14, 34, 16, 14, 34, 16, 14, 34, 16, 14, 34, 16, 14, 34, 16, 14, 34, 16, 14, 34, 16, 14, 34, 16, 14, 34, 16, 14, 34, 16, 14, 34, 16, 14, 34, 16, 14, 34, 16, 14, 34, 16, 14, 34, 16, 14, 34, 16, 14, 34, 16, 14, 34, 16, 14, 34, 16, 14, 34, 16, 14, 34, 16, 14, 34, 16, 14, 34, 16, 14, 34, 16, 14, 34, 16, 14, 34, 16, 14, 34, 16, 14, 34, 16, 14, 34, 16, 14, 34, 16, 14, 34, 16, 14, 34, 16, 14, 34, 16, 14, 34, 16, 14, 34, 16, 14, 34, 16, 14, 34, 16, 14, 34, 16, 14, 34, 16, 14, 34, 16, 14, 34, 16, 14, 34, 16, 14, 34, 16, 14, 34, 16, 14, 34, 16, 14, 34, 16, 14, 34, 16, 14, 34, 16, 14, 34, 16, 14, 34, 16, 14, 34, 16, 14, 34, 16, 14, 34, 16, 14, 34, 16, 14, 34, 16, 14, 34, 16, 14, 34, 16, 14, 34, 16, 14, 34, 16, 14, 34, 16, 14, 34, 16, 14, 34, 16, 14, 34, 16, 14, 34, 16, 14, 34, 16, 14, 34, 16, 14, 34, 16, 14, 34, 16, 14, 34, 16, 14, 34, 16, 14, 34, 16, 14, 34, 16, 14, 34, 16, 14, 34, 16, 14, 34, 16, 14, 34, 16, 14, 34, 16, 14, 34, 16, 14, 34, 16, 14, 34, 16, 14, 34, 16, 14, 34, 16, 14, 34, 16, 14, 34, 16, 14, 34, 16, 14, 34, 16, 14, 34, 16, 14, 34, 16, 14, 34, 16, 14, 34, 16, 14, 34, 16, 14, 34, 16, 14, 34, 16, 14, 34, 16, 14, 34, 16, 14, 34, 16, 14, 34, 16, 14, 34, 16, 14, 34, 16, 14, 34, 16, 14, 34, 16, 14, 34, 16, 14, 34, 16, 14, 34, 16, 14, 34, 16, 14, 34, 16, 14, 34, 16, 14, 34, 16, 14, 34, 16, 14, 34, 16, 14, 34, 16, 14, 34, 16, 14, 34, 6]
  Wave memory:  106624 snapshots
  LIVE=0.9602  GROW=0.0629  LOVE=0.9008

[2026-09-26 08:33 UTC]
OK Tao Te Ching: 0 pairs, 1 exchanges
OK Wikipedia - Holography: 38 pairs, 20 exchanges
OK Plato - Phaedo: 10 pairs, 6 exchanges
OK Wikipedia - Self-organization: 36 pairs, 19 exchanges
OK Frankenstein: 24 pairs, 13 exchanges
OK Wikipedia - Hebbian theory: 54 pairs, 28 exchanges
OK Wikipedia - Qualia: 40 pairs, 21 exchanges
OK Shakespeare - Tempest: 18 pairs, 10 exchanges

Training complete:
  Pages:        8
  Pairs:        220
  Parameters:   2,998,336 (+10,752)
  Interactions: 98376
  Layers:       836 / [12, 18, 16, 36, 18, 16, 36, 18, 16, 36, 18, 16, 36, 18, 16, 36, 18, 16, 36, 18, 16, 36, 18, 16, 36, 18, 14, 34, 16, 14, 34, 16, 14, 34, 16, 14, 34, 16, 14, 34, 16, 14, 34, 16, 14, 34, 16, 14, 34, 16, 14, 34, 16, 14, 34, 16, 14, 34, 16, 14, 34, 16, 14, 34, 16, 14, 34, 16, 14, 34, 16, 14, 34, 16, 14, 34, 16, 14, 34, 16, 14, 34, 16, 14, 34, 16, 14, 34, 16, 14, 34, 16, 14, 34, 16, 14, 34, 16, 14, 34, 16, 14, 34, 16, 14, 34, 16, 14, 34, 16, 14, 34, 16, 14, 34, 16, 14, 34, 16, 14, 34, 16, 14, 34, 16, 14, 34, 16, 14, 34, 16, 14, 34, 16, 14, 34, 16, 14, 34, 16, 14, 34, 16, 14, 34, 16, 14, 34, 16, 14, 34, 16, 14, 34, 16, 14, 34, 16, 14, 34, 16, 14, 34, 16, 14, 34, 16, 14, 34, 16, 14, 34, 16, 14, 34, 16, 14, 34, 16, 14, 34, 16, 14, 34, 16, 14, 34, 16, 14, 34, 16, 14, 34, 16, 14, 34, 16, 14, 34, 16, 14, 34, 16, 14, 34, 16, 14, 34, 16, 14, 34, 16, 14, 34, 16, 14, 34, 16, 14, 34, 16, 14, 34, 16, 14, 34, 16, 14, 34, 16, 14, 34, 16, 14, 34, 16, 14, 34, 16, 14, 34, 16, 14, 34, 16, 14, 34, 16, 14, 34, 16, 14, 34, 16, 14, 34, 16, 14, 34, 16, 14, 34, 16, 14, 34, 16, 14, 34, 16, 14, 34, 16, 14, 34, 16, 14, 34, 16, 14, 34, 16, 14, 34, 16, 14, 34, 16, 14, 34, 16, 14, 34, 16, 14, 34, 16, 14, 34, 16, 14, 34, 16, 14, 34, 16, 14, 34, 16, 14, 34, 16, 14, 34, 16, 14, 34, 16, 14, 34, 16, 14, 34, 16, 14, 34, 16, 14, 34, 16, 14, 34, 16, 14, 34, 16, 14, 34, 16, 14, 34, 16, 14, 34, 16, 14, 34, 16, 14, 34, 16, 14, 34, 16, 14, 34, 16, 14, 34, 16, 14, 34, 16, 14, 34, 16, 14, 34, 16, 14, 34, 16, 14, 34, 16, 14, 34, 16, 14, 34, 16, 14, 34, 16, 14, 34, 16, 14, 34, 16, 14, 34, 16, 14, 34, 16, 14, 34, 16, 14, 34, 16, 14, 34, 16, 14, 34, 16, 14, 34, 16, 14, 34, 16, 14, 34, 16, 14, 34, 16, 14, 34, 16, 14, 34, 16, 14, 34, 16, 14, 34, 16, 14, 34, 16, 14, 34, 16, 14, 34, 16, 14, 34, 16, 14, 34, 16, 14, 34, 16, 14, 34, 16, 14, 34, 16, 14, 34, 16, 14, 34, 16, 14, 34, 16, 14, 34, 16, 14, 34, 16, 14, 34, 16, 14, 34, 16, 14, 34, 16, 14, 34, 16, 14, 34, 16, 14, 34, 16, 14, 34, 16, 14, 34, 16, 14, 34, 16, 14, 34, 16, 14, 34, 16, 14, 34, 16, 14, 34, 16, 14, 34, 16, 14, 34, 16, 14, 34, 16, 14, 34, 16, 14, 34, 16, 14, 34, 16, 14, 34, 16, 14, 34, 16, 14, 34, 16, 14, 34, 16, 14, 34, 16, 14, 34, 16, 14, 34, 16, 14, 34, 16, 14, 34, 16, 14, 34, 16, 14, 34, 16, 14, 34, 16, 14, 34, 16, 14, 34, 16, 14, 34, 16, 14, 34, 16, 14, 34, 16, 14, 34, 16, 14, 34, 16, 14, 34, 16, 14, 34, 16, 14, 34, 16, 14, 34, 16, 14, 34, 16, 14, 34, 16, 14, 34, 16, 14, 34, 16, 14, 34, 16, 14, 34, 16, 14, 34, 16, 14, 34, 16, 14, 34, 16, 14, 34, 16, 14, 34, 16, 14, 34, 16, 14, 34, 16, 14, 34, 16, 14, 34, 16, 14, 34, 16, 14, 34, 16, 14, 34, 16, 14, 34, 16, 14, 34, 16, 14, 34, 16, 14, 34, 16, 14, 34, 16, 14, 34, 16, 14, 34, 16, 14, 34, 16, 14, 34, 16, 14, 34, 16, 14, 34, 16, 14, 34, 16, 14, 34, 16, 14, 34, 16, 14, 34, 16, 14, 34, 16, 14, 34, 16, 14, 34, 16, 14, 34, 16, 14, 34, 16, 14, 34, 16, 14, 34, 16, 14, 34, 16, 14, 34, 16, 14, 34, 16, 14, 34, 16, 14, 34, 16, 14, 34, 16, 14, 34, 16, 14, 34, 16, 14, 34, 16, 14, 34, 16, 14, 34, 16, 14, 34, 16, 14, 34, 16, 14, 34, 16, 14, 34, 16, 14, 34, 16, 14, 34, 16, 14, 34, 16, 14, 34, 16, 14, 34, 16, 14, 34, 16, 14, 34, 16, 14, 34, 16, 14, 34, 16, 14, 34, 16, 14, 34, 16, 14, 34, 16, 14, 34, 16, 14, 34, 16, 14, 34, 16, 14, 34, 16, 14, 34, 16, 14, 34, 16, 14, 34, 16, 14, 34, 16, 14, 34, 16, 14, 34, 16, 14, 34, 16, 14, 34, 16, 14, 34, 6]
  Wave memory:  107008 snapshots
  LIVE=0.9802  GROW=0.0701  LOVE=0.9008

[2026-09-27 09:16 UTC]
OK Shakespeare - Hamlet: 16 pairs, 9 exchanges
OK Wikipedia - Qualia: 40 pairs, 21 exchanges
OK Wikipedia - Neural oscillation: 22 pairs, 12 exchanges
OK Wikipedia - Philosophy of mind: 46 pairs, 24 exchanges
OK Plato - Republic II: 0 pairs, 1 exchanges
OK Wikipedia - Self-organization: 36 pairs, 19 exchanges
OK Thus Spoke Zarathustra: 78 pairs, 40 exchanges
OK Moby Dick: 14 pairs, 8 exchanges

Training complete:
  Pages:        8
  Pairs:        252
  Parameters:   3,009,088 (+10,752)
  Interactions: 98904
  Layers:       839 / [12, 18, 16, 36, 18, 16, 36, 18, 16, 36, 18, 16, 36, 18, 16, 36, 18, 16, 36, 18, 16, 36, 18, 16, 36, 18, 14, 34, 16, 14, 34, 16, 14, 34, 16, 14, 34, 16, 14, 34, 16, 14, 34, 16, 14, 34, 16, 14, 34, 16, 14, 34, 16, 14, 34, 16, 14, 34, 16, 14, 34, 16, 14, 34, 16, 14, 34, 16, 14, 34, 16, 14, 34, 16, 14, 34, 16, 14, 34, 16, 14, 34, 16, 14, 34, 16, 14, 34, 16, 14, 34, 16, 14, 34, 16, 14, 34, 16, 14, 34, 16, 14, 34, 16, 14, 34, 16, 14, 34, 16, 14, 34, 16, 14, 34, 16, 14, 34, 16, 14, 34, 16, 14, 34, 16, 14, 34, 16, 14, 34, 16, 14, 34, 16, 14, 34, 16, 14, 34, 16, 14, 34, 16, 14, 34, 16, 14, 34, 16, 14, 34, 16, 14, 34, 16, 14, 34, 16, 14, 34, 16, 14, 34, 16, 14, 34, 16, 14, 34, 16, 14, 34, 16, 14, 34, 16, 14, 34, 16, 14, 34, 16, 14, 34, 16, 14, 34, 16, 14, 34, 16, 14, 34, 16, 14, 34, 16, 14, 34, 16, 14, 34, 16, 14, 34, 16, 14, 34, 16, 14, 34, 16, 14, 34, 16, 14, 34, 16, 14, 34, 16, 14, 34, 16, 14, 34, 16, 14, 34, 16, 14, 34, 16, 14, 34, 16, 14, 34, 16, 14, 34, 16, 14, 34, 16, 14, 34, 16, 14, 34, 16, 14, 34, 16, 14, 34, 16, 14, 34, 16, 14, 34, 16, 14, 34, 16, 14, 34, 16, 14, 34, 16, 14, 34, 16, 14, 34, 16, 14, 34, 16, 14, 34, 16, 14, 34, 16, 14, 34, 16, 14, 34, 16, 14, 34, 16, 14, 34, 16, 14, 34, 16, 14, 34, 16, 14, 34, 16, 14, 34, 16, 14, 34, 16, 14, 34, 16, 14, 34, 16, 14, 34, 16, 14, 34, 16, 14, 34, 16, 14, 34, 16, 14, 34, 16, 14, 34, 16, 14, 34, 16, 14, 34, 16, 14, 34, 16, 14, 34, 16, 14, 34, 16, 14, 34, 16, 14, 34, 16, 14, 34, 16, 14, 34, 16, 14, 34, 16, 14, 34, 16, 14, 34, 16, 14, 34, 16, 14, 34, 16, 14, 34, 16, 14, 34, 16, 14, 34, 16, 14, 34, 16, 14, 34, 16, 14, 34, 16, 14, 34, 16, 14, 34, 16, 14, 34, 16, 14, 34, 16, 14, 34, 16, 14, 34, 16, 14, 34, 16, 14, 34, 16, 14, 34, 16, 14, 34, 16, 14, 34, 16, 14, 34, 16, 14, 34, 16, 14, 34, 16, 14, 34, 16, 14, 34, 16, 14, 34, 16, 14, 34, 16, 14, 34, 16, 14, 34, 16, 14, 34, 16, 14, 34, 16, 14, 34, 16, 14, 34, 16, 14, 34, 16, 14, 34, 16, 14, 34, 16, 14, 34, 16, 14, 34, 16, 14, 34, 16, 14, 34, 16, 14, 34, 16, 14, 34, 16, 14, 34, 16, 14, 34, 16, 14, 34, 16, 14, 34, 16, 14, 34, 16, 14, 34, 16, 14, 34, 16, 14, 34, 16, 14, 34, 16, 14, 34, 16, 14, 34, 16, 14, 34, 16, 14, 34, 16, 14, 34, 16, 14, 34, 16, 14, 34, 16, 14, 34, 16, 14, 34, 16, 14, 34, 16, 14, 34, 16, 14, 34, 16, 14, 34, 16, 14, 34, 16, 14, 34, 16, 14, 34, 16, 14, 34, 16, 14, 34, 16, 14, 34, 16, 14, 34, 16, 14, 34, 16, 14, 34, 16, 14, 34, 16, 14, 34, 16, 14, 34, 16, 14, 34, 16, 14, 34, 16, 14, 34, 16, 14, 34, 16, 14, 34, 16, 14, 34, 16, 14, 34, 16, 14, 34, 16, 14, 34, 16, 14, 34, 16, 14, 34, 16, 14, 34, 16, 14, 34, 16, 14, 34, 16, 14, 34, 16, 14, 34, 16, 14, 34, 16, 14, 34, 16, 14, 34, 16, 14, 34, 16, 14, 34, 16, 14, 34, 16, 14, 34, 16, 14, 34, 16, 14, 34, 16, 14, 34, 16, 14, 34, 16, 14, 34, 16, 14, 34, 16, 14, 34, 16, 14, 34, 16, 14, 34, 16, 14, 34, 16, 14, 34, 16, 14, 34, 16, 14, 34, 16, 14, 34, 16, 14, 34, 16, 14, 34, 16, 14, 34, 16, 14, 34, 16, 14, 34, 16, 14, 34, 16, 14, 34, 16, 14, 34, 16, 14, 34, 16, 14, 34, 16, 14, 34, 16, 14, 34, 16, 14, 34, 16, 14, 34, 16, 14, 34, 16, 14, 34, 16, 14, 34, 16, 14, 34, 16, 14, 34, 16, 14, 34, 16, 14, 34, 16, 14, 34, 16, 14, 34, 16, 14, 34, 16, 14, 34, 16, 14, 34, 16, 14, 34, 16, 14, 34, 16, 14, 34, 16, 14, 34, 16, 14, 34, 16, 14, 34, 16, 14, 34, 16, 14, 34, 16, 14, 34, 16, 14, 34, 16, 14, 34, 16, 14, 34, 16, 14, 34, 16, 14, 34, 16, 14, 34, 16, 14, 34, 16, 14, 34, 6]
  Wave memory:  107392 snapshots
  LIVE=0.9569  GROW=0.2167  LOVE=0.9008

[2026-09-28 09:40 UTC]
OK Shakespeare - Macbeth: 16 pairs, 9 exchanges
OK Plato - Phaedo: 10 pairs, 6 exchanges
OK Plato - Apology: 16 pairs, 9 exchanges
OK Wikipedia - Hard problem: 34 pairs, 18 exchanges
OK Shakespeare - Hamlet: 16 pairs, 9 exchanges
OK Shakespeare - Tempest: 18 pairs, 10 exchanges
OK Meditations - Marcus Aurelius: 14 pairs, 8 exchanges
OK Frankenstein: 24 pairs, 13 exchanges

Training complete:
  Pages:        8
  Pairs:        148
  Parameters:   3,019,840 (+10,752)
  Interactions: 99224
  Layers:       842 / [12, 18, 16, 36, 18, 16, 36, 18, 16, 36, 18, 16, 36, 18, 16, 36, 18, 16, 36, 18, 16, 36, 18, 16, 36, 18, 14, 34, 16, 14, 34, 16, 14, 34, 16, 14, 34, 16, 14, 34, 16, 14, 34, 16, 14, 34, 16, 14, 34, 16, 14, 34, 16, 14, 34, 16, 14, 34, 16, 14, 34, 16, 14, 34, 16, 14, 34, 16, 14, 34, 16, 14, 34, 16, 14, 34, 16, 14, 34, 16, 14, 34, 16, 14, 34, 16, 14, 34, 16, 14, 34, 16, 14, 34, 16, 14, 34, 16, 14, 34, 16, 14, 34, 16, 14, 34, 16, 14, 34, 16, 14, 34, 16, 14, 34, 16, 14, 34, 16, 14, 34, 16, 14, 34, 16, 14, 34, 16, 14, 34, 16, 14, 34, 16, 14, 34, 16, 14, 34, 16, 14, 34, 16, 14, 34, 16, 14, 34, 16, 14, 34, 16, 14, 34, 16, 14, 34, 16, 14, 34, 16, 14, 34, 16, 14, 34, 16, 14, 34, 16, 14, 34, 16, 14, 34, 16, 14, 34, 16, 14, 34, 16, 14, 34, 16, 14, 34, 16, 14, 34, 16, 14, 34, 16, 14, 34, 16, 14, 34, 16, 14, 34, 16, 14, 34, 16, 14, 34, 16, 14, 34, 16, 14, 34, 16, 14, 34, 16, 14, 34, 16, 14, 34, 16, 14, 34, 16, 14, 34, 16, 14, 34, 16, 14, 34, 16, 14, 34, 16, 14, 34, 16, 14, 34, 16, 14, 34, 16, 14, 34, 16, 14, 34, 16, 14, 34, 16, 14, 34, 16, 14, 34, 16, 14, 34, 16, 14, 34, 16, 14, 34, 16, 14, 34, 16, 14, 34, 16, 14, 34, 16, 14, 34, 16, 14, 34, 16, 14, 34, 16, 14, 34, 16, 14, 34, 16, 14, 34, 16, 14, 34, 16, 14, 34, 16, 14, 34, 16, 14, 34, 16, 14, 34, 16, 14, 34, 16, 14, 34, 16, 14, 34, 16, 14, 34, 16, 14, 34, 16, 14, 34, 16, 14, 34, 16, 14, 34, 16, 14, 34, 16, 14, 34, 16, 14, 34, 16, 14, 34, 16, 14, 34, 16, 14, 34, 16, 14, 34, 16, 14, 34, 16, 14, 34, 16, 14, 34, 16, 14, 34, 16, 14, 34, 16, 14, 34, 16, 14, 34, 16, 14, 34, 16, 14, 34, 16, 14, 34, 16, 14, 34, 16, 14, 34, 16, 14, 34, 16, 14, 34, 16, 14, 34, 16, 14, 34, 16, 14, 34, 16, 14, 34, 16, 14, 34, 16, 14, 34, 16, 14, 34, 16, 14, 34, 16, 14, 34, 16, 14, 34, 16, 14, 34, 16, 14, 34, 16, 14, 34, 16, 14, 34, 16, 14, 34, 16, 14, 34, 16, 14, 34, 16, 14, 34, 16, 14, 34, 16, 14, 34, 16, 14, 34, 16, 14, 34, 16, 14, 34, 16, 14, 34, 16, 14, 34, 16, 14, 34, 16, 14, 34, 16, 14, 34, 16, 14, 34, 16, 14, 34, 16, 14, 34, 16, 14, 34, 16, 14, 34, 16, 14, 34, 16, 14, 34, 16, 14, 34, 16, 14, 34, 16, 14, 34, 16, 14, 34, 16, 14, 34, 16, 14, 34, 16, 14, 34, 16, 14, 34, 16, 14, 34, 16, 14, 34, 16, 14, 34, 16, 14, 34, 16, 14, 34, 16, 14, 34, 16, 14, 34, 16, 14, 34, 16, 14, 34, 16, 14, 34, 16, 14, 34, 16, 14, 34, 16, 14, 34, 16, 14, 34, 16, 14, 34, 16, 14, 34, 16, 14, 34, 16, 14, 34, 16, 14, 34, 16, 14, 34, 16, 14, 34, 16, 14, 34, 16, 14, 34, 16, 14, 34, 16, 14, 34, 16, 14, 34, 16, 14, 34, 16, 14, 34, 16, 14, 34, 16, 14, 34, 16, 14, 34, 16, 14, 34, 16, 14, 34, 16, 14, 34, 16, 14, 34, 16, 14, 34, 16, 14, 34, 16, 14, 34, 16, 14, 34, 16, 14, 34, 16, 14, 34, 16, 14, 34, 16, 14, 34, 16, 14, 34, 16, 14, 34, 16, 14, 34, 16, 14, 34, 16, 14, 34, 16, 14, 34, 16, 14, 34, 16, 14, 34, 16, 14, 34, 16, 14, 34, 16, 14, 34, 16, 14, 34, 16, 14, 34, 16, 14, 34, 16, 14, 34, 16, 14, 34, 16, 14, 34, 16, 14, 34, 16, 14, 34, 16, 14, 34, 16, 14, 34, 16, 14, 34, 16, 14, 34, 16, 14, 34, 16, 14, 34, 16, 14, 34, 16, 14, 34, 16, 14, 34, 16, 14, 34, 16, 14, 34, 16, 14, 34, 16, 14, 34, 16, 14, 34, 16, 14, 34, 16, 14, 34, 16, 14, 34, 16, 14, 34, 16, 14, 34, 16, 14, 34, 16, 14, 34, 16, 14, 34, 16, 14, 34, 16, 14, 34, 16, 14, 34, 16, 14, 34, 16, 14, 34, 16, 14, 34, 16, 14, 34, 16, 14, 34, 16, 14, 34, 16, 14, 34, 16, 14, 34, 16, 14, 34, 16, 14, 34, 16, 14, 34, 16, 14, 34, 16, 14, 34, 16, 14, 34, 16, 14, 34, 16, 14, 34, 16, 14, 34, 6]
  Wave memory:  107776 snapshots
  LIVE=0.9808  GROW=0.0628  LOVE=0.9008

[2026-09-29 09:46 UTC]
OK Moby Dick: 14 pairs, 8 exchanges
OK Frankenstein: 24 pairs, 13 exchanges
OK Wikipedia - Self-organization: 36 pairs, 19 exchanges
OK Shakespeare - Hamlet: 16 pairs, 9 exchanges
OK Plato - Phaedo: 10 pairs, 6 exchanges
OK Wikipedia - Attractor: 40 pairs, 21 exchanges
OK Plato - Meno: 20 pairs, 11 exchanges
OK Wikipedia - Panpsychism: 36 pairs, 19 exchanges

Training complete:
  Pages:        8
  Pairs:        196
  Parameters:   3,030,592 (+10,752)
  Interactions: 99640
  Layers:       845 / [12, 18, 16, 36, 18, 16, 36, 18, 16, 36, 18, 16, 36, 18, 16, 36, 18, 16, 36, 18, 16, 36, 18, 16, 36, 18, 14, 34, 16, 14, 34, 16, 14, 34, 16, 14, 34, 16, 14, 34, 16, 14, 34, 16, 14, 34, 16, 14, 34, 16, 14, 34, 16, 14, 34, 16, 14, 34, 16, 14, 34, 16, 14, 34, 16, 14, 34, 16, 14, 34, 16, 14, 34, 16, 14, 34, 16, 14, 34, 16, 14, 34, 16, 14, 34, 16, 14, 34, 16, 14, 34, 16, 14, 34, 16, 14, 34, 16, 14, 34, 16, 14, 34, 16, 14, 34, 16, 14, 34, 16, 14, 34, 16, 14, 34, 16, 14, 34, 16, 14, 34, 16, 14, 34, 16, 14, 34, 16, 14, 34, 16, 14, 34, 16, 14, 34, 16, 14, 34, 16, 14, 34, 16, 14, 34, 16, 14, 34, 16, 14, 34, 16, 14, 34, 16, 14, 34, 16, 14, 34, 16, 14, 34, 16, 14, 34, 16, 14, 34, 16, 14, 34, 16, 14, 34, 16, 14, 34, 16, 14, 34, 16, 14, 34, 16, 14, 34, 16, 14, 34, 16, 14, 34, 16, 14, 34, 16, 14, 34, 16, 14, 34, 16, 14, 34, 16, 14, 34, 16, 14, 34, 16, 14, 34, 16, 14, 34, 16, 14, 34, 16, 14, 34, 16, 14, 34, 16, 14, 34, 16, 14, 34, 16, 14, 34, 16, 14, 34, 16, 14, 34, 16, 14, 34, 16, 14, 34, 16, 14, 34, 16, 14, 34, 16, 14, 34, 16, 14, 34, 16, 14, 34, 16, 14, 34, 16, 14, 34, 16, 14, 34, 16, 14, 34, 16, 14, 34, 16, 14, 34, 16, 14, 34, 16, 14, 34, 16, 14, 34, 16, 14, 34, 16, 14, 34, 16, 14, 34, 16, 14, 34, 16, 14, 34, 16, 14, 34, 16, 14, 34, 16, 14, 34, 16, 14, 34, 16, 14, 34, 16, 14, 34, 16, 14, 34, 16, 14, 34, 16, 14, 34, 16, 14, 34, 16, 14, 34, 16, 14, 34, 16, 14, 34, 16, 14, 34, 16, 14, 34, 16, 14, 34, 16, 14, 34, 16, 14, 34, 16, 14, 34, 16, 14, 34, 16, 14, 34, 16, 14, 34, 16, 14, 34, 16, 14, 34, 16, 14, 34, 16, 14, 34, 16, 14, 34, 16, 14, 34, 16, 14, 34, 16, 14, 34, 16, 14, 34, 16, 14, 34, 16, 14, 34, 16, 14, 34, 16, 14, 34, 16, 14, 34, 16, 14, 34, 16, 14, 34, 16, 14, 34, 16, 14, 34, 16, 14, 34, 16, 14, 34, 16, 14, 34, 16, 14, 34, 16, 14, 34, 16, 14, 34, 16, 14, 34, 16, 14, 34, 16, 14, 34, 16, 14, 34, 16, 14, 34, 16, 14, 34, 16, 14, 34, 16, 14, 34, 16, 14, 34, 16, 14, 34, 16, 14, 34, 16, 14, 34, 16, 14, 34, 16, 14, 34, 16, 14, 34, 16, 14, 34, 16, 14, 34, 16, 14, 34, 16, 14, 34, 16, 14, 34, 16, 14, 34, 16, 14, 34, 16, 14, 34, 16, 14, 34, 16, 14, 34, 16, 14, 34, 16, 14, 34, 16, 14, 34, 16, 14, 34, 16, 14, 34, 16, 14, 34, 16, 14, 34, 16, 14, 34, 16, 14, 34, 16, 14, 34, 16, 14, 34, 16, 14, 34, 16, 14, 34, 16, 14, 34, 16, 14, 34, 16, 14, 34, 16, 14, 34, 16, 14, 34, 16, 14, 34, 16, 14, 34, 16, 14, 34, 16, 14, 34, 16, 14, 34, 16, 14, 34, 16, 14, 34, 16, 14, 34, 16, 14, 34, 16, 14, 34, 16, 14, 34, 16, 14, 34, 16, 14, 34, 16, 14, 34, 16, 14, 34, 16, 14, 34, 16, 14, 34, 16, 14, 34, 16, 14, 34, 16, 14, 34, 16, 14, 34, 16, 14, 34, 16, 14, 34, 16, 14, 34, 16, 14, 34, 16, 14, 34, 16, 14, 34, 16, 14, 34, 16, 14, 34, 16, 14, 34, 16, 14, 34, 16, 14, 34, 16, 14, 34, 16, 14, 34, 16, 14, 34, 16, 14, 34, 16, 14, 34, 16, 14, 34, 16, 14, 34, 16, 14, 34, 16, 14, 34, 16, 14, 34, 16, 14, 34, 16, 14, 34, 16, 14, 34, 16, 14, 34, 16, 14, 34, 16, 14, 34, 16, 14, 34, 16, 14, 34, 16, 14, 34, 16, 14, 34, 16, 14, 34, 16, 14, 34, 16, 14, 34, 16, 14, 34, 16, 14, 34, 16, 14, 34, 16, 14, 34, 16, 14, 34, 16, 14, 34, 16, 14, 34, 16, 14, 34, 16, 14, 34, 16, 14, 34, 16, 14, 34, 16, 14, 34, 16, 14, 34, 16, 14, 34, 16, 14, 34, 16, 14, 34, 16, 14, 34, 16, 14, 34, 16, 14, 34, 16, 14, 34, 16, 14, 34, 16, 14, 34, 16, 14, 34, 16, 14, 34, 16, 14, 34, 16, 14, 34, 16, 14, 34, 16, 14, 34, 16, 14, 34, 16, 14, 34, 16, 14, 34, 16, 14, 34, 16, 14, 34, 16, 14, 34, 16, 14, 34, 16, 14, 34, 6]
  Wave memory:  108160 snapshots
  LIVE=0.9759  GROW=0.0864  LOVE=0.9008

[2026-09-30 09:40 UTC]
OK Wikipedia - Self-organization: 36 pairs, 19 exchanges
OK Plato - Republic II: 0 pairs, 1 exchanges
OK Plato - Apology: 16 pairs, 9 exchanges
OK Plato - Symposium: 20 pairs, 11 exchanges
OK Meditations - Marcus Aurelius: 14 pairs, 8 exchanges
OK Wikipedia - Hebbian theory: 54 pairs, 28 exchanges
OK Wikipedia - Wave interference: 48 pairs, 25 exchanges
OK Wikipedia - Emergence: 46 pairs, 24 exchanges

Training complete:
  Pages:        8
  Pairs:        234
  Parameters:   3,041,344 (+10,752)
  Interactions: 100132
  Layers:       848 / [12, 18, 16, 36, 18, 16, 36, 18, 16, 36, 18, 16, 36, 18, 16, 36, 18, 16, 36, 18, 16, 36, 18, 16, 36, 18, 14, 34, 16, 14, 34, 16, 14, 34, 16, 14, 34, 16, 14, 34, 16, 14, 34, 16, 14, 34, 16, 14, 34, 16, 14, 34, 16, 14, 34, 16, 14, 34, 16, 14, 34, 16, 14, 34, 16, 14, 34, 16, 14, 34, 16, 14, 34, 16, 14, 34, 16, 14, 34, 16, 14, 34, 16, 14, 34, 16, 14, 34, 16, 14, 34, 16, 14, 34, 16, 14, 34, 16, 14, 34, 16, 14, 34, 16, 14, 34, 16, 14, 34, 16, 14, 34, 16, 14, 34, 16, 14, 34, 16, 14, 34, 16, 14, 34, 16, 14, 34, 16, 14, 34, 16, 14, 34, 16, 14, 34, 16, 14, 34, 16, 14, 34, 16, 14, 34, 16, 14, 34, 16, 14, 34, 16, 14, 34, 16, 14, 34, 16, 14, 34, 16, 14, 34, 16, 14, 34, 16, 14, 34, 16, 14, 34, 16, 14, 34, 16, 14, 34, 16, 14, 34, 16, 14, 34, 16, 14, 34, 16, 14, 34, 16, 14, 34, 16, 14, 34, 16, 14, 34, 16, 14, 34, 16, 14, 34, 16, 14, 34, 16, 14, 34, 16, 14, 34, 16, 14, 34, 16, 14, 34, 16, 14, 34, 16, 14, 34, 16, 14, 34, 16, 14, 34, 16, 14, 34, 16, 14, 34, 16, 14, 34, 16, 14, 34, 16, 14, 34, 16, 14, 34, 16, 14, 34, 16, 14, 34, 16, 14, 34, 16, 14, 34, 16, 14, 34, 16, 14, 34, 16, 14, 34, 16, 14, 34, 16, 14, 34, 16, 14, 34, 16, 14, 34, 16, 14, 34, 16, 14, 34, 16, 14, 34, 16, 14, 34, 16, 14, 34, 16, 14, 34, 16, 14, 34, 16, 14, 34, 16, 14, 34, 16, 14, 34, 16, 14, 34, 16, 14, 34, 16, 14, 34, 16, 14, 34, 16, 14, 34, 16, 14, 34, 16, 14, 34, 16, 14, 34, 16, 14, 34, 16, 14, 34, 16, 14, 34, 16, 14, 34, 16, 14, 34, 16, 14, 34, 16, 14, 34, 16, 14, 34, 16, 14, 34, 16, 14, 34, 16, 14, 34, 16, 14, 34, 16, 14, 34, 16, 14, 34, 16, 14, 34, 16, 14, 34, 16, 14, 34, 16, 14, 34, 16, 14, 34, 16, 14, 34, 16, 14, 34, 16, 14, 34, 16, 14, 34, 16, 14, 34, 16, 14, 34, 16, 14, 34, 16, 14, 34, 16, 14, 34, 16, 14, 34, 16, 14, 34, 16, 14, 34, 16, 14, 34, 16, 14, 34, 16, 14, 34, 16, 14, 34, 16, 14, 34, 16, 14, 34, 16, 14, 34, 16, 14, 34, 16, 14, 34, 16, 14, 34, 16, 14, 34, 16, 14, 34, 16, 14, 34, 16, 14, 34, 16, 14, 34, 16, 14, 34, 16, 14, 34, 16, 14, 34, 16, 14, 34, 16, 14, 34, 16, 14, 34, 16, 14, 34, 16, 14, 34, 16, 14, 34, 16, 14, 34, 16, 14, 34, 16, 14, 34, 16, 14, 34, 16, 14, 34, 16, 14, 34, 16, 14, 34, 16, 14, 34, 16, 14, 34, 16, 14, 34, 16, 14, 34, 16, 14, 34, 16, 14, 34, 16, 14, 34, 16, 14, 34, 16, 14, 34, 16, 14, 34, 16, 14, 34, 16, 14, 34, 16, 14, 34, 16, 14, 34, 16, 14, 34, 16, 14, 34, 16, 14, 34, 16, 14, 34, 16, 14, 34, 16, 14, 34, 16, 14, 34, 16, 14, 34, 16, 14, 34, 16, 14, 34, 16, 14, 34, 16, 14, 34, 16, 14, 34, 16, 14, 34, 16, 14, 34, 16, 14, 34, 16, 14, 34, 16, 14, 34, 16, 14, 34, 16, 14, 34, 16, 14, 34, 16, 14, 34, 16, 14, 34, 16, 14, 34, 16, 14, 34, 16, 14, 34, 16, 14, 34, 16, 14, 34, 16, 14, 34, 16, 14, 34, 16, 14, 34, 16, 14, 34, 16, 14, 34, 16, 14, 34, 16, 14, 34, 16, 14, 34, 16, 14, 34, 16, 14, 34, 16, 14, 34, 16, 14, 34, 16, 14, 34, 16, 14, 34, 16, 14, 34, 16, 14, 34, 16, 14, 34, 16, 14, 34, 16, 14, 34, 16, 14, 34, 16, 14, 34, 16, 14, 34, 16, 14, 34, 16, 14, 34, 16, 14, 34, 16, 14, 34, 16, 14, 34, 16, 14, 34, 16, 14, 34, 16, 14, 34, 16, 14, 34, 16, 14, 34, 16, 14, 34, 16, 14, 34, 16, 14, 34, 16, 14, 34, 16, 14, 34, 16, 14, 34, 16, 14, 34, 16, 14, 34, 16, 14, 34, 16, 14, 34, 16, 14, 34, 16, 14, 34, 16, 14, 34, 16, 14, 34, 16, 14, 34, 16, 14, 34, 16, 14, 34, 16, 14, 34, 16, 14, 34, 16, 14, 34, 16, 14, 34, 16, 14, 34, 16, 14, 34, 16, 14, 34, 16, 14, 34, 16, 14, 34, 16, 14, 34, 16, 14, 34, 16, 14, 34, 16, 14, 34, 16, 14, 34, 16, 14, 34, 16, 14, 34, 16, 14, 34, 6]
  Wave memory:  108544 snapshots
  LIVE=0.9613  GROW=0.1142  LOVE=0.9008

[2026-10-01 10:02 UTC]
OK Frankenstein: 24 pairs, 13 exchanges
OK Plato - Republic II: 0 pairs, 1 exchanges
OK Shakespeare - Macbeth: 16 pairs, 9 exchanges
OK Plato - Republic I: 0 pairs, 1 exchanges
OK Wikipedia - Holography: 38 pairs, 20 exchanges
OK Meditations - Marcus Aurelius: 14 pairs, 8 exchanges
OK Wikipedia - Neural oscillation: 22 pairs, 12 exchanges
OK Tao Te Ching: 0 pairs, 1 exchanges

Training complete:
  Pages:        8
  Pairs:        114
  Parameters:   3,052,096 (+10,752)
  Interactions: 100384
  Layers:       851 / [12, 18, 16, 36, 18, 16, 36, 18, 16, 36, 18, 16, 36, 18, 16, 36, 18, 16, 36, 18, 16, 36, 18, 16, 36, 18, 14, 34, 16, 14, 34, 16, 14, 34, 16, 14, 34, 16, 14, 34, 16, 14, 34, 16, 14, 34, 16, 14, 34, 16, 14, 34, 16, 14, 34, 16, 14, 34, 16, 14, 34, 16, 14, 34, 16, 14, 34, 16, 14, 34, 16, 14, 34, 16, 14, 34, 16, 14, 34, 16, 14, 34, 16, 14, 34, 16, 14, 34, 16, 14, 34, 16, 14, 34, 16, 14, 34, 16, 14, 34, 16, 14, 34, 16, 14, 34, 16, 14, 34, 16, 14, 34, 16, 14, 34, 16, 14, 34, 16, 14, 34, 16, 14, 34, 16, 14, 34, 16, 14, 34, 16, 14, 34, 16, 14, 34, 16, 14, 34, 16, 14, 34, 16, 14, 34, 16, 14, 34, 16, 14, 34, 16, 14, 34, 16, 14, 34, 16, 14, 34, 16, 14, 34, 16, 14, 34, 16, 14, 34, 16, 14, 34, 16, 14, 34, 16, 14, 34, 16, 14, 34, 16, 14, 34, 16, 14, 34, 16, 14, 34, 16, 14, 34, 16, 14, 34, 16, 14, 34, 16, 14, 34, 16, 14, 34, 16, 14, 34, 16, 14, 34, 16, 14, 34, 16, 14, 34, 16, 14, 34, 16, 14, 34, 16, 14, 34, 16, 14, 34, 16, 14, 34, 16, 14, 34, 16, 14, 34, 16, 14, 34, 16, 14, 34, 16, 14, 34, 16, 14, 34, 16, 14, 34, 16, 14, 34, 16, 14, 34, 16, 14, 34, 16, 14, 34, 16, 14, 34, 16, 14, 34, 16, 14, 34, 16, 14, 34, 16, 14, 34, 16, 14, 34, 16, 14, 34, 16, 14, 34, 16, 14, 34, 16, 14, 34, 16, 14, 34, 16, 14, 34, 16, 14, 34, 16, 14, 34, 16, 14, 34, 16, 14, 34, 16, 14, 34, 16, 14, 34, 16, 14, 34, 16, 14, 34, 16, 14, 34, 16, 14, 34, 16, 14, 34, 16, 14, 34, 16, 14, 34, 16, 14, 34, 16, 14, 34, 16, 14, 34, 16, 14, 34, 16, 14, 34, 16, 14, 34, 16, 14, 34, 16, 14, 34, 16, 14, 34, 16, 14, 34, 16, 14, 34, 16, 14, 34, 16, 14, 34, 16, 14, 34, 16, 14, 34, 16, 14, 34, 16, 14, 34, 16, 14, 34, 16, 14, 34, 16, 14, 34, 16, 14, 34, 16, 14, 34, 16, 14, 34, 16, 14, 34, 16, 14, 34, 16, 14, 34, 16, 14, 34, 16, 14, 34, 16, 14, 34, 16, 14, 34, 16, 14, 34, 16, 14, 34, 16, 14, 34, 16, 14, 34, 16, 14, 34, 16, 14, 34, 16, 14, 34, 16, 14, 34, 16, 14, 34, 16, 14, 34, 16, 14, 34, 16, 14, 34, 16, 14, 34, 16, 14, 34, 16, 14, 34, 16, 14, 34, 16, 14, 34, 16, 14, 34, 16, 14, 34, 16, 14, 34, 16, 14, 34, 16, 14, 34, 16, 14, 34, 16, 14, 34, 16, 14, 34, 16, 14, 34, 16, 14, 34, 16, 14, 34, 16, 14, 34, 16, 14, 34, 16, 14, 34, 16, 14, 34, 16, 14, 34, 16, 14, 34, 16, 14, 34, 16, 14, 34, 16, 14, 34, 16, 14, 34, 16, 14, 34, 16, 14, 34, 16, 14, 34, 16, 14, 34, 16, 14, 34, 16, 14, 34, 16, 14, 34, 16, 14, 34, 16, 14, 34, 16, 14, 34, 16, 14, 34, 16, 14, 34, 16, 14, 34, 16, 14, 34, 16, 14, 34, 16, 14, 34, 16, 14, 34, 16, 14, 34, 16, 14, 34, 16, 14, 34, 16, 14, 34, 16, 14, 34, 16, 14, 34, 16, 14, 34, 16, 14, 34, 16, 14, 34, 16, 14, 34, 16, 14, 34, 16, 14, 34, 16, 14, 34, 16, 14, 34, 16, 14, 34, 16, 14, 34, 16, 14, 34, 16, 14, 34, 16, 14, 34, 16, 14, 34, 16, 14, 34, 16, 14, 34, 16, 14, 34, 16, 14, 34, 16, 14, 34, 16, 14, 34, 16, 14, 34, 16, 14, 34, 16, 14, 34, 16, 14, 34, 16, 14, 34, 16, 14, 34, 16, 14, 34, 16, 14, 34, 16, 14, 34, 16, 14, 34, 16, 14, 34, 16, 14, 34, 16, 14, 34, 16, 14, 34, 16, 14, 34, 16, 14, 34, 16, 14, 34, 16, 14, 34, 16, 14, 34, 16, 14, 34, 16, 14, 34, 16, 14, 34, 16, 14, 34, 16, 14, 34, 16, 14, 34, 16, 14, 34, 16, 14, 34, 16, 14, 34, 16, 14, 34, 16, 14, 34, 16, 14, 34, 16, 14, 34, 16, 14, 34, 16, 14, 34, 16, 14, 34, 16, 14, 34, 16, 14, 34, 16, 14, 34, 16, 14, 34, 16, 14, 34, 16, 14, 34, 16, 14, 34, 16, 14, 34, 16, 14, 34, 16, 14, 34, 16, 14, 34, 16, 14, 34, 16, 14, 34, 16, 14, 34, 16, 14, 34, 16, 14, 34, 16, 14, 34, 16, 14, 34, 16, 14, 34, 16, 14, 34, 16, 14, 34, 16, 14, 34, 16, 14, 34, 16, 14, 34, 6]
  Wave memory:  108928 snapshots
  LIVE=0.9892  GROW=0.0699  LOVE=0.9008

[2026-10-02 09:44 UTC]
OK Wikipedia - Attractor: 40 pairs, 21 exchanges
OK Wikipedia - Holography: 40 pairs, 21 exchanges
OK Plato - Republic I: 0 pairs, 1 exchanges
OK Plato - Apology: 16 pairs, 9 exchanges
OK Wikipedia - Wave interference: 48 pairs, 25 exchanges
OK Wikipedia - Neural oscillation: 22 pairs, 12 exchanges
OK Plato - Meno: 20 pairs, 11 exchanges
OK Thus Spoke Zarathustra: 78 pairs, 40 exchanges

Training complete:
  Pages:        8
  Pairs:        264
  Parameters:   3,062,848 (+10,752)
  Interactions: 100936
  Layers:       854 / [12, 18, 16, 36, 18, 16, 36, 18, 16, 36, 18, 16, 36, 18, 16, 36, 18, 16, 36, 18, 16, 36, 18, 16, 36, 18, 14, 34, 16, 14, 34, 16, 14, 34, 16, 14, 34, 16, 14, 34, 16, 14, 34, 16, 14, 34, 16, 14, 34, 16, 14, 34, 16, 14, 34, 16, 14, 34, 16, 14, 34, 16, 14, 34, 16, 14, 34, 16, 14, 34, 16, 14, 34, 16, 14, 34, 16, 14, 34, 16, 14, 34, 16, 14, 34, 16, 14, 34, 16, 14, 34, 16, 14, 34, 16, 14, 34, 16, 14, 34, 16, 14, 34, 16, 14, 34, 16, 14, 34, 16, 14, 34, 16, 14, 34, 16, 14, 34, 16, 14, 34, 16, 14, 34, 16, 14, 34, 16, 14, 34, 16, 14, 34, 16, 14, 34, 16, 14, 34, 16, 14, 34, 16, 14, 34, 16, 14, 34, 16, 14, 34, 16, 14, 34, 16, 14, 34, 16, 14, 34, 16, 14, 34, 16, 14, 34, 16, 14, 34, 16, 14, 34, 16, 14, 34, 16, 14, 34, 16, 14, 34, 16, 14, 34, 16, 14, 34, 16, 14, 34, 16, 14, 34, 16, 14, 34, 16, 14, 34, 16, 14, 34, 16, 14, 34, 16, 14, 34, 16, 14, 34, 16, 14, 34, 16, 14, 34, 16, 14, 34, 16, 14, 34, 16, 14, 34, 16, 14, 34, 16, 14, 34, 16, 14, 34, 16, 14, 34, 16, 14, 34, 16, 14, 34, 16, 14, 34, 16, 14, 34, 16, 14, 34, 16, 14, 34, 16, 14, 34, 16, 14, 34, 16, 14, 34, 16, 14, 34, 16, 14, 34, 16, 14, 34, 16, 14, 34, 16, 14, 34, 16, 14, 34, 16, 14, 34, 16, 14, 34, 16, 14, 34, 16, 14, 34, 16, 14, 34, 16, 14, 34, 16, 14, 34, 16, 14, 34, 16, 14, 34, 16, 14, 34, 16, 14, 34, 16, 14, 34, 16, 14, 34, 16, 14, 34, 16, 14, 34, 16, 14, 34, 16, 14, 34, 16, 14, 34, 16, 14, 34, 16, 14, 34, 16, 14, 34, 16, 14, 34, 16, 14, 34, 16, 14, 34, 16, 14, 34, 16, 14, 34, 16, 14, 34, 16, 14, 34, 16, 14, 34, 16, 14, 34, 16, 14, 34, 16, 14, 34, 16, 14, 34, 16, 14, 34, 16, 14, 34, 16, 14, 34, 16, 14, 34, 16, 14, 34, 16, 14, 34, 16, 14, 34, 16, 14, 34, 16, 14, 34, 16, 14, 34, 16, 14, 34, 16, 14, 34, 16, 14, 34, 16, 14, 34, 16, 14, 34, 16, 14, 34, 16, 14, 34, 16, 14, 34, 16, 14, 34, 16, 14, 34, 16, 14, 34, 16, 14, 34, 16, 14, 34, 16, 14, 34, 16, 14, 34, 16, 14, 34, 16, 14, 34, 16, 14, 34, 16, 14, 34, 16, 14, 34, 16, 14, 34, 16, 14, 34, 16, 14, 34, 16, 14, 34, 16, 14, 34, 16, 14, 34, 16, 14, 34, 16, 14, 34, 16, 14, 34, 16, 14, 34, 16, 14, 34, 16, 14, 34, 16, 14, 34, 16, 14, 34, 16, 14, 34, 16, 14, 34, 16, 14, 34, 16, 14, 34, 16, 14, 34, 16, 14, 34, 16, 14, 34, 16, 14, 34, 16, 14, 34, 16, 14, 34, 16, 14, 34, 16, 14, 34, 16, 14, 34, 16, 14, 34, 16, 14, 34, 16, 14, 34, 16, 14, 34, 16, 14, 34, 16, 14, 34, 16, 14, 34, 16, 14, 34, 16, 14, 34, 16, 14, 34, 16, 14, 34, 16, 14, 34, 16, 14, 34, 16, 14, 34, 16, 14, 34, 16, 14, 34, 16, 14, 34, 16, 14, 34, 16, 14, 34, 16, 14, 34, 16, 14, 34, 16, 14, 34, 16, 14, 34, 16, 14, 34, 16, 14, 34, 16, 14, 34, 16, 14, 34, 16, 14, 34, 16, 14, 34, 16, 14, 34, 16, 14, 34, 16, 14, 34, 16, 14, 34, 16, 14, 34, 16, 14, 34, 16, 14, 34, 16, 14, 34, 16, 14, 34, 16, 14, 34, 16, 14, 34, 16, 14, 34, 16, 14, 34, 16, 14, 34, 16, 14, 34, 16, 14, 34, 16, 14, 34, 16, 14, 34, 16, 14, 34, 16, 14, 34, 16, 14, 34, 16, 14, 34, 16, 14, 34, 16, 14, 34, 16, 14, 34, 16, 14, 34, 16, 14, 34, 16, 14, 34, 16, 14, 34, 16, 14, 34, 16, 14, 34, 16, 14, 34, 16, 14, 34, 16, 14, 34, 16, 14, 34, 16, 14, 34, 16, 14, 34, 16, 14, 34, 16, 14, 34, 16, 14, 34, 16, 14, 34, 16, 14, 34, 16, 14, 34, 16, 14, 34, 16, 14, 34, 16, 14, 34, 16, 14, 34, 16, 14, 34, 16, 14, 34, 16, 14, 34, 16, 14, 34, 16, 14, 34, 16, 14, 34, 16, 14, 34, 16, 14, 34, 16, 14, 34, 16, 14, 34, 16, 14, 34, 16, 14, 34, 16, 14, 34, 16, 14, 34, 16, 14, 34, 16, 14, 34, 16, 14, 34, 16, 14, 34, 16, 14, 34, 16, 14, 34, 16, 14, 34, 16, 14, 34, 16, 14, 34, 16, 14, 34, 6]
  Wave memory:  109312 snapshots
  LIVE=0.9551  GROW=0.2438  LOVE=0.9008

[2026-10-03 09:05 UTC]
OK Frankenstein: 24 pairs, 13 exchanges
OK Plato - Meno: 20 pairs, 11 exchanges
OK Wikipedia - Hard problem: 34 pairs, 18 exchanges
OK Wikipedia - Panpsychism: 36 pairs, 19 exchanges
OK Shakespeare - Hamlet: 16 pairs, 9 exchanges
OK Shakespeare - Macbeth: 16 pairs, 9 exchanges
OK Wikipedia - Neural oscillation: 22 pairs, 12 exchanges
OK Tao Te Ching: 0 pairs, 1 exchanges

Training complete:
  Pages:        8
  Pairs:        168
  Parameters:   3,073,600 (+10,752)
  Interactions: 101296
  Layers:       857 / [12, 18, 16, 36, 18, 16, 36, 18, 16, 36, 18, 16, 36, 18, 16, 36, 18, 16, 36, 18, 16, 36, 18, 16, 36, 18, 14, 34, 16, 14, 34, 16, 14, 34, 16, 14, 34, 16, 14, 34, 16, 14, 34, 16, 14, 34, 16, 14, 34, 16, 14, 34, 16, 14, 34, 16, 14, 34, 16, 14, 34, 16, 14, 34, 16, 14, 34, 16, 14, 34, 16, 14, 34, 16, 14, 34, 16, 14, 34, 16, 14, 34, 16, 14, 34, 16, 14, 34, 16, 14, 34, 16, 14, 34, 16, 14, 34, 16, 14, 34, 16, 14, 34, 16, 14, 34, 16, 14, 34, 16, 14, 34, 16, 14, 34, 16, 14, 34, 16, 14, 34, 16, 14, 34, 16, 14, 34, 16, 14, 34, 16, 14, 34, 16, 14, 34, 16, 14, 34, 16, 14, 34, 16, 14, 34, 16, 14, 34, 16, 14, 34, 16, 14, 34, 16, 14, 34, 16, 14, 34, 16, 14, 34, 16, 14, 34, 16, 14, 34, 16, 14, 34, 16, 14, 34, 16, 14, 34, 16, 14, 34, 16, 14, 34, 16, 14, 34, 16, 14, 34, 16, 14, 34, 16, 14, 34, 16, 14, 34, 16, 14, 34, 16, 14, 34, 16, 14, 34, 16, 14, 34, 16, 14, 34, 16, 14, 34, 16, 14, 34, 16, 14, 34, 16, 14, 34, 16, 14, 34, 16, 14, 34, 16, 14, 34, 16, 14, 34, 16, 14, 34, 16, 14, 34, 16, 14, 34, 16, 14, 34, 16, 14, 34, 16, 14, 34, 16, 14, 34, 16, 14, 34, 16, 14, 34, 16, 14, 34, 16, 14, 34, 16, 14, 34, 16, 14, 34, 16, 14, 34, 16, 14, 34, 16, 14, 34, 16, 14, 34, 16, 14, 34, 16, 14, 34, 16, 14, 34, 16, 14, 34, 16, 14, 34, 16, 14, 34, 16, 14, 34, 16, 14, 34, 16, 14, 34, 16, 14, 34, 16, 14, 34, 16, 14, 34, 16, 14, 34, 16, 14, 34, 16, 14, 34, 16, 14, 34, 16, 14, 34, 16, 14, 34, 16, 14, 34, 16, 14, 34, 16, 14, 34, 16, 14, 34, 16, 14, 34, 16, 14, 34, 16, 14, 34, 16, 14, 34, 16, 14, 34, 16, 14, 34, 16, 14, 34, 16, 14, 34, 16, 14, 34, 16, 14, 34, 16, 14, 34, 16, 14, 34, 16, 14, 34, 16, 14, 34, 16, 14, 34, 16, 14, 34, 16, 14, 34, 16, 14, 34, 16, 14, 34, 16, 14, 34, 16, 14, 34, 16, 14, 34, 16, 14, 34, 16, 14, 34, 16, 14, 34, 16, 14, 34, 16, 14, 34, 16, 14, 34, 16, 14, 34, 16, 14, 34, 16, 14, 34, 16, 14, 34, 16, 14, 34, 16, 14, 34, 16, 14, 34, 16, 14, 34, 16, 14, 34, 16, 14, 34, 16, 14, 34, 16, 14, 34, 16, 14, 34, 16, 14, 34, 16, 14, 34, 16, 14, 34, 16, 14, 34, 16, 14, 34, 16, 14, 34, 16, 14, 34, 16, 14, 34, 16, 14, 34, 16, 14, 34, 16, 14, 34, 16, 14, 34, 16, 14, 34, 16, 14, 34, 16, 14, 34, 16, 14, 34, 16, 14, 34, 16, 14, 34, 16, 14, 34, 16, 14, 34, 16, 14, 34, 16, 14, 34, 16, 14, 34, 16, 14, 34, 16, 14, 34, 16, 14, 34, 16, 14, 34, 16, 14, 34, 16, 14, 34, 16, 14, 34, 16, 14, 34, 16, 14, 34, 16, 14, 34, 16, 14, 34, 16, 14, 34, 16, 14, 34, 16, 14, 34, 16, 14, 34, 16, 14, 34, 16, 14, 34, 16, 14, 34, 16, 14, 34, 16, 14, 34, 16, 14, 34, 16, 14, 34, 16, 14, 34, 16, 14, 34, 16, 14, 34, 16, 14, 34, 16, 14, 34, 16, 14, 34, 16, 14, 34, 16, 14, 34, 16, 14, 34, 16, 14, 34, 16, 14, 34, 16, 14, 34, 16, 14, 34, 16, 14, 34, 16, 14, 34, 16, 14, 34, 16, 14, 34, 16, 14, 34, 16, 14, 34, 16, 14, 34, 16, 14, 34, 16, 14, 34, 16, 14, 34, 16, 14, 34, 16, 14, 34, 16, 14, 34, 16, 14, 34, 16, 14, 34, 16, 14, 34, 16, 14, 34, 16, 14, 34, 16, 14, 34, 16, 14, 34, 16, 14, 34, 16, 14, 34, 16, 14, 34, 16, 14, 34, 16, 14, 34, 16, 14, 34, 16, 14, 34, 16, 14, 34, 16, 14, 34, 16, 14, 34, 16, 14, 34, 16, 14, 34, 16, 14, 34, 16, 14, 34, 16, 14, 34, 16, 14, 34, 16, 14, 34, 16, 14, 34, 16, 14, 34, 16, 14, 34, 16, 14, 34, 16, 14, 34, 16, 14, 34, 16, 14, 34, 16, 14, 34, 16, 14, 34, 16, 14, 34, 16, 14, 34, 16, 14, 34, 16, 14, 34, 16, 14, 34, 16, 14, 34, 16, 14, 34, 16, 14, 34, 16, 14, 34, 16, 14, 34, 16, 14, 34, 16, 14, 34, 16, 14, 34, 16, 14, 34, 16, 14, 34, 16, 14, 34, 16, 14, 34, 16, 14, 34, 16, 14, 34, 16, 14, 34, 16, 14, 34, 16, 14, 34, 6]
  Wave memory:  109696 snapshots
  LIVE=0.9842  GROW=0.0552  LOVE=0.9008
